B [Gauss],X  [Volt],Y  [Volt], time [ms]
3.773000E+3,183.106000E-6,-553.135000E-6,0
3.774000E+3,53.406000E-6,-476.839000E-6,500
3.774000E+3,-76.294400E-6,-562.672000E-6,1000
3.774000E+3,-68.665000E-6,-572.208000E-6,1500
3.774000E+3,-15.258900E-6,-587.467000E-6,2000
3.774000E+3,7.629450E-6,-449.182000E-6,2500
3.774000E+3,15.258900E-6,-297.548000E-6,3000
3.774000E+3,-53.406000E-6,-408.174000E-6,3500
3.774000E+3,-76.294400E-6,-580.791000E-6,4000
3.774000E+3,7.629450E-6,-507.358000E-6,4500
3.774000E+3,-53.406000E-6,-372.889000E-6,5000
3.774000E+3,-160.218000E-6,-390.055000E-6,5500
3.774000E+3,-221.253000E-6,-450.136000E-6,6000
3.774000E+3,-160.218000E-6,-358.583000E-6,6500
3.774000E+3,-160.218000E-6,-256.540000E-6,7000
3.774000E+3,-183.106000E-6,-226.022000E-6,7500
3.774000E+3,-15.258900E-6,-230.790000E-6,8000
3.774000E+3,53.406000E-6,-169.755000E-6,8500
3.774000E+3,0.000000E+0,-191.689000E-6,9000
3.774000E+3,-53.406000E-6,-217.439000E-6,9500
3.774000E+3,-106.812000E-6,-194.550000E-6,10000
3.774000E+3,-7.629450E-6,-228.883000E-6,10500
3.774000E+3,-15.258900E-6,-447.275000E-6,11000
3.774000E+3,-160.218000E-6,-470.163000E-6,11500
3.774000E+3,-137.330000E-6,-339.510000E-6,12000
3.774000E+3,-99.182600E-6,-350.000000E-6,12500
3.774000E+3,15.258900E-6,-374.796000E-6,13000
3.774000E+3,213.624000E-6,-371.935000E-6,13500
3.774000E+3,228.883000E-6,-221.253000E-6,14000
3.774000E+3,30.517800E-6,-143.052000E-6,14500
3.774000E+3,-106.812000E-6,-288.012000E-6,15000
3.773000E+3,-53.406000E-6,-472.071000E-6,15500
3.773000E+3,-106.812000E-6,-428.202000E-6,16000
3.773000E+3,-122.071000E-6,-413.897000E-6,16500
3.772000E+3,-7.629450E-6,-415.804000E-6,17000
3.772000E+3,-22.888300E-6,-326.158000E-6,17500
3.772000E+3,0.000000E+0,-359.537000E-6,18000
3.772000E+3,-68.665000E-6,-465.395000E-6,18500
3.771000E+3,-267.031000E-6,-370.027000E-6,19000
3.771000E+3,-228.883000E-6,-282.289000E-6,19500
3.771000E+3,-68.665000E-6,-232.697000E-6,20000
3.771000E+3,-106.812000E-6,-455.858000E-6,20500
3.770000E+3,-236.512000E-6,-508.312000E-6,21000
3.770000E+3,-213.624000E-6,-389.101000E-6,21500
3.770000E+3,-183.106000E-6,-288.012000E-6,22000
3.770000E+3,-83.923800E-6,-245.096000E-6,22500
3.769000E+3,-7.629450E-6,-250.818000E-6,23000
3.769000E+3,-114.441000E-6,-208.856000E-6,23500
3.769000E+3,-122.071000E-6,-222.207000E-6,24000
3.769000E+3,-144.959000E-6,-317.575000E-6,24500
3.768000E+3,-175.477000E-6,-368.120000E-6,25000
3.768000E+3,-91.553200E-6,-336.649000E-6,25500
3.768000E+3,-106.812000E-6,-410.082000E-6,26000
3.768000E+3,-114.441000E-6,-410.082000E-6,26500
3.767000E+3,-76.294400E-6,-321.390000E-6,27000
3.767000E+3,-76.294400E-6,-237.466000E-6,27500
3.767000E+3,-22.888300E-6,-350.000000E-6,28000
3.766000E+3,-22.888300E-6,-401.499000E-6,28500
3.766000E+3,-38.147200E-6,-361.444000E-6,29000
3.766000E+3,15.258900E-6,-376.703000E-6,29500
3.766000E+3,30.517800E-6,-537.876000E-6,30000
3.765000E+3,-53.406000E-6,-649.456000E-6,30500
3.765000E+3,-99.182600E-6,-549.320000E-6,31000
3.765000E+3,-129.701000E-6,-391.008000E-6,31500
3.765000E+3,-114.441000E-6,-277.521000E-6,32000
3.764000E+3,-106.812000E-6,-347.139000E-6,32500
3.764000E+3,-190.736000E-6,-387.194000E-6,33000
3.764000E+3,-305.178000E-6,-436.785000E-6,33500
3.764000E+3,-274.660000E-6,-451.090000E-6,34000
3.763000E+3,-312.807000E-6,-507.358000E-6,34500
3.763000E+3,-419.619000E-6,-536.922000E-6,35000
3.763000E+3,-503.544000E-6,-399.591000E-6,35500
3.762000E+3,-694.279000E-6,-363.352000E-6,36000
3.762000E+3,-831.608000E-6,-301.363000E-6,36500
3.762000E+3,-793.461000E-6,-245.096000E-6,37000
3.762000E+3,-534.061000E-6,-217.439000E-6,37500
3.761000E+3,-144.959000E-6,-228.883000E-6,38000
3.761000E+3,244.142000E-6,-337.603000E-6,38500
3.761000E+3,549.320000E-6,-432.970000E-6,39000
3.761000E+3,617.985000E-6,-476.839000E-6,39500
3.760000E+3,465.395000E-6,-555.042000E-6,40000
3.760000E+3,297.548000E-6,-481.607000E-6,40500
3.760000E+3,221.253000E-6,-444.414000E-6,41000
3.759000E+3,183.106000E-6,-478.746000E-6,41500
3.759000E+3,106.812000E-6,-428.202000E-6,42000
3.759000E+3,15.258900E-6,-413.897000E-6,42500
3.759000E+3,-7.629450E-6,-388.147000E-6,43000
3.758000E+3,68.665000E-6,-372.889000E-6,43500
3.758000E+3,122.071000E-6,-304.224000E-6,44000
3.758000E+3,45.776600E-6,-280.382000E-6,44500
3.758000E+3,-30.517800E-6,-332.834000E-6,45000
3.757000E+3,-15.258900E-6,-376.703000E-6,45500
3.757000E+3,-15.258900E-6,-319.483000E-6,46000
3.757000E+3,22.888300E-6,-332.834000E-6,46500
3.757000E+3,-22.888300E-6,-457.766000E-6,47000
3.756000E+3,-53.406000E-6,-515.942000E-6,47500
3.756000E+3,-30.517800E-6,-483.515000E-6,48000
3.756000E+3,-30.517800E-6,-536.922000E-6,48500
3.755000E+3,-83.923800E-6,-483.515000E-6,49000
3.755000E+3,-22.888300E-6,-470.163000E-6,49500
3.755000E+3,22.888300E-6,-399.591000E-6,50000
3.755000E+3,-15.258900E-6,-441.553000E-6,50500
3.754000E+3,-38.147200E-6,-401.499000E-6,51000
3.754000E+3,-83.923800E-6,-389.101000E-6,51500
3.754000E+3,-61.035600E-6,-386.240000E-6,52000
3.754000E+3,-137.330000E-6,-370.027000E-6,52500
3.753000E+3,-236.512000E-6,-365.259000E-6,53000
3.753000E+3,-190.736000E-6,-419.619000E-6,53500
3.753000E+3,-122.071000E-6,-472.071000E-6,54000
3.752000E+3,-61.035600E-6,-391.962000E-6,54500
3.752000E+3,7.629450E-6,-316.622000E-6,55000
3.752000E+3,-22.888300E-6,-324.251000E-6,55500
3.752000E+3,-45.776600E-6,-448.229000E-6,56000
3.751000E+3,-15.258900E-6,-471.117000E-6,56500
3.751000E+3,-30.517800E-6,-412.943000E-6,57000
3.751000E+3,-61.035600E-6,-428.202000E-6,57500
3.751000E+3,0.000000E+0,-411.035000E-6,58000
3.750000E+3,-38.147200E-6,-421.526000E-6,58500
3.750000E+3,0.000000E+0,-473.978000E-6,59000
3.750000E+3,22.888300E-6,-493.053000E-6,59500
3.749000E+3,53.406000E-6,-361.444000E-6,60000
3.749000E+3,30.517800E-6,-330.927000E-6,60500
3.749000E+3,0.000000E+0,-372.889000E-6,61000
3.749000E+3,45.776600E-6,-434.877000E-6,61500
3.748000E+3,-53.406000E-6,-523.571000E-6,62000
3.748000E+3,-53.406000E-6,-590.328000E-6,62500
3.748000E+3,-106.812000E-6,-492.100000E-6,63000
3.748000E+3,-122.071000E-6,-326.158000E-6,63500
3.747000E+3,-91.553200E-6,-176.431000E-6,64000
3.747000E+3,-53.406000E-6,-208.856000E-6,64500
3.747000E+3,-99.182600E-6,-247.957000E-6,65000
3.746000E+3,-106.812000E-6,-212.670000E-6,65500
3.746000E+3,-61.035600E-6,-199.319000E-6,66000
3.746000E+3,-61.035600E-6,-287.058000E-6,66500
3.746000E+3,-38.147200E-6,-275.614000E-6,67000
3.745000E+3,-68.665000E-6,-217.439000E-6,67500
3.745000E+3,-144.959000E-6,-234.605000E-6,68000
3.745000E+3,-175.477000E-6,-394.823000E-6,68500
3.744000E+3,-213.624000E-6,-436.785000E-6,69000
3.744000E+3,-213.624000E-6,-388.147000E-6,69500
3.744000E+3,-167.848000E-6,-315.668000E-6,70000
3.744000E+3,-114.441000E-6,-370.981000E-6,70500
3.743000E+3,-160.218000E-6,-349.047000E-6,71000
3.743000E+3,-221.253000E-6,-196.458000E-6,71500
3.743000E+3,-198.365000E-6,-205.995000E-6,72000
3.743000E+3,-236.512000E-6,-221.253000E-6,72500
3.742000E+3,-152.589000E-6,-288.012000E-6,73000
3.742000E+3,-99.182600E-6,-323.297000E-6,73500
3.742000E+3,-15.258900E-6,-343.325000E-6,74000
3.741000E+3,-22.888300E-6,-352.861000E-6,74500
3.741000E+3,0.000000E+0,-428.202000E-6,75000
3.741000E+3,144.959000E-6,-473.978000E-6,75500
3.741000E+3,68.665000E-6,-383.379000E-6,76000
3.740000E+3,-30.517800E-6,-393.869000E-6,76500
3.740000E+3,22.888300E-6,-319.483000E-6,77000
3.740000E+3,114.441000E-6,-257.494000E-6,77500
3.740000E+3,83.923800E-6,-219.346000E-6,78000
3.739000E+3,38.147200E-6,-224.114000E-6,78500
3.739000E+3,-91.553200E-6,-144.006000E-6,79000
3.739000E+3,-213.624000E-6,-106.812000E-6,79500
3.739000E+3,-228.883000E-6,-207.902000E-6,80000
3.738000E+3,-91.553200E-6,-292.780000E-6,80500
3.738000E+3,-7.629450E-6,-301.363000E-6,81000
3.738000E+3,-83.923800E-6,-327.112000E-6,81500
3.737000E+3,-99.182600E-6,-304.224000E-6,82000
3.737000E+3,-144.959000E-6,-299.456000E-6,82500
3.737000E+3,-114.441000E-6,-408.174000E-6,83000
3.736000E+3,-53.406000E-6,-485.422000E-6,83500
3.736000E+3,-129.701000E-6,-425.341000E-6,84000
3.736000E+3,-122.071000E-6,-376.703000E-6,84500
3.736000E+3,-167.848000E-6,-358.583000E-6,85000
3.735000E+3,-167.848000E-6,-331.881000E-6,85500
3.735000E+3,-83.923800E-6,-262.262000E-6,86000
3.735000E+3,-91.553200E-6,-238.420000E-6,86500
3.735000E+3,-106.812000E-6,-252.726000E-6,87000
3.734000E+3,-122.071000E-6,-329.973000E-6,87500
3.734000E+3,-160.218000E-6,-443.460000E-6,88000
3.734000E+3,-106.812000E-6,-493.053000E-6,88500
3.733000E+3,7.629450E-6,-534.061000E-6,89000
3.733000E+3,-53.406000E-6,-449.182000E-6,89500
3.733000E+3,-198.365000E-6,-390.055000E-6,90000
3.733000E+3,-205.995000E-6,-370.981000E-6,90500
3.732000E+3,-129.701000E-6,-379.564000E-6,91000
3.732000E+3,-152.589000E-6,-468.256000E-6,91500
3.732000E+3,-144.959000E-6,-517.849000E-6,92000
3.732000E+3,-114.441000E-6,-445.368000E-6,92500
3.731000E+3,0.000000E+0,-515.942000E-6,93000
3.731000E+3,-15.258900E-6,-463.488000E-6,93500
3.731000E+3,-137.330000E-6,-458.719000E-6,94000
3.730000E+3,-129.701000E-6,-482.561000E-6,94500
3.730000E+3,-53.406000E-6,-439.646000E-6,95000
3.730000E+3,-68.665000E-6,-411.989000E-6,95500
3.730000E+3,-259.401000E-6,-394.823000E-6,96000
3.729000E+3,-442.507000E-6,-410.082000E-6,96500
3.729000E+3,-427.248000E-6,-409.128000E-6,97000
3.729000E+3,-335.695000E-6,-369.074000E-6,97500
3.728000E+3,-350.954000E-6,-366.213000E-6,98000
3.728000E+3,-297.548000E-6,-296.595000E-6,98500
3.728000E+3,-213.624000E-6,-174.523000E-6,99000
3.728000E+3,-160.218000E-6,-66.757700E-6,99500
3.727000E+3,-122.071000E-6,-131.608000E-6,100000
3.727000E+3,-137.330000E-6,-185.014000E-6,100500
3.727000E+3,-61.035600E-6,-218.392000E-6,101000
3.727000E+3,-22.888300E-6,-348.093000E-6,101500
3.726000E+3,-45.776600E-6,-419.619000E-6,102000
3.726000E+3,0.000000E+0,-439.646000E-6,102500
3.726000E+3,45.776600E-6,-439.646000E-6,103000
3.725000E+3,38.147200E-6,-383.379000E-6,103500
3.725000E+3,-106.812000E-6,-311.853000E-6,104000
3.725000E+3,-183.106000E-6,-336.649000E-6,104500
3.725000E+3,-106.812000E-6,-440.599000E-6,105000
3.724000E+3,-129.701000E-6,-443.460000E-6,105500
3.724000E+3,-91.553200E-6,-439.646000E-6,106000
3.724000E+3,-22.888300E-6,-569.347000E-6,106500
3.724000E+3,-30.517800E-6,-620.846000E-6,107000
3.723000E+3,-45.776600E-6,-470.163000E-6,107500
3.723000E+3,-91.553200E-6,-447.275000E-6,108000
3.723000E+3,-137.330000E-6,-386.240000E-6,108500
3.722000E+3,-175.477000E-6,-353.815000E-6,109000
3.722000E+3,-144.959000E-6,-380.518000E-6,109500
3.722000E+3,-160.218000E-6,-517.849000E-6,110000
3.722000E+3,-144.959000E-6,-567.440000E-6,110500
3.721000E+3,-38.147200E-6,-494.007000E-6,111000
3.721000E+3,0.000000E+0,-484.468000E-6,111500
3.721000E+3,-22.888300E-6,-452.043000E-6,112000
3.720000E+3,-160.218000E-6,-430.109000E-6,112500
3.720000E+3,-213.624000E-6,-405.313000E-6,113000
3.720000E+3,-167.848000E-6,-397.684000E-6,113500
3.720000E+3,-190.736000E-6,-296.595000E-6,114000
3.719000E+3,-213.624000E-6,-204.087000E-6,114500
3.719000E+3,-213.624000E-6,-132.562000E-6,115000
3.719000E+3,-129.701000E-6,-213.624000E-6,115500
3.719000E+3,-22.888300E-6,-252.726000E-6,116000
3.718000E+3,38.147200E-6,-226.022000E-6,116500
3.718000E+3,-30.517800E-6,-290.873000E-6,117000
3.718000E+3,-30.517800E-6,-297.548000E-6,117500
3.717000E+3,7.629450E-6,-263.216000E-6,118000
3.717000E+3,-7.629450E-6,-294.687000E-6,118500
3.717000E+3,38.147200E-6,-463.488000E-6,119000
3.717000E+3,45.776600E-6,-464.441000E-6,119500
3.716000E+3,-61.035600E-6,-410.082000E-6,120000
3.716000E+3,-152.589000E-6,-457.766000E-6,120500
3.716000E+3,-91.553200E-6,-543.598000E-6,121000
3.715000E+3,99.182600E-6,-488.285000E-6,121500
3.715000E+3,144.959000E-6,-480.654000E-6,122000
3.715000E+3,99.182600E-6,-494.961000E-6,122500
3.715000E+3,7.629450E-6,-520.710000E-6,123000
3.714000E+3,38.147200E-6,-586.513000E-6,123500
3.714000E+3,30.517800E-6,-489.239000E-6,124000
3.714000E+3,7.629450E-6,-386.240000E-6,124500
3.713000E+3,99.182600E-6,-301.363000E-6,125000
3.713000E+3,-53.406000E-6,-308.992000E-6,125500
3.713000E+3,-106.812000E-6,-262.262000E-6,126000
3.713000E+3,22.888300E-6,-247.004000E-6,126500
3.712000E+3,7.629450E-6,-300.409000E-6,127000
3.712000E+3,-38.147200E-6,-342.371000E-6,127500
3.712000E+3,45.776600E-6,-298.502000E-6,128000
3.711000E+3,152.589000E-6,-360.491000E-6,128500
3.711000E+3,129.701000E-6,-403.406000E-6,129000
3.711000E+3,76.294400E-6,-396.730000E-6,129500
3.711000E+3,-30.517800E-6,-414.850000E-6,130000
3.710000E+3,-106.812000E-6,-379.564000E-6,130500
3.710000E+3,-61.035600E-6,-306.131000E-6,131000
3.710000E+3,-76.294400E-6,-272.753000E-6,131500
3.709000E+3,-167.848000E-6,-299.456000E-6,132000
3.709000E+3,-236.512000E-6,-369.074000E-6,132500
3.709000E+3,-183.106000E-6,-362.398000E-6,133000
3.709000E+3,-114.441000E-6,-402.452000E-6,133500
3.708000E+3,-175.477000E-6,-392.916000E-6,134000
3.708000E+3,-167.848000E-6,-417.711000E-6,134500
3.708000E+3,-274.660000E-6,-478.746000E-6,135000
3.707000E+3,-358.583000E-6,-421.526000E-6,135500
3.707000E+3,-373.842000E-6,-274.660000E-6,136000
3.707000E+3,-404.360000E-6,-224.114000E-6,136500
3.707000E+3,-205.995000E-6,-312.807000E-6,137000
3.706000E+3,99.182600E-6,-405.313000E-6,137500
3.706000E+3,152.589000E-6,-352.861000E-6,138000
3.706000E+3,122.071000E-6,-363.352000E-6,138500
3.706000E+3,-38.147200E-6,-392.916000E-6,139000
3.705000E+3,-160.218000E-6,-273.706000E-6,139500
3.705000E+3,-190.736000E-6,-197.412000E-6,140000
3.705000E+3,-144.959000E-6,-230.790000E-6,140500
3.704000E+3,-68.665000E-6,-325.205000E-6,141000
3.704000E+3,0.000000E+0,-454.905000E-6,141500
3.704000E+3,221.253000E-6,-436.785000E-6,142000
3.703000E+3,251.772000E-6,-355.722000E-6,142500
3.703000E+3,167.848000E-6,-349.047000E-6,143000
3.703000E+3,114.441000E-6,-254.633000E-6,143500
3.703000E+3,45.776600E-6,-163.079000E-6,144000
3.702000E+3,61.035600E-6,-160.218000E-6,144500
3.702000E+3,7.629450E-6,-309.946000E-6,145000
3.702000E+3,-99.182600E-6,-370.027000E-6,145500
3.701000E+3,-114.441000E-6,-418.665000E-6,146000
3.701000E+3,-129.701000E-6,-427.248000E-6,146500
3.701000E+3,-106.812000E-6,-412.943000E-6,147000
3.701000E+3,0.000000E+0,-324.251000E-6,147500
3.700000E+3,22.888300E-6,-376.703000E-6,148000
3.700000E+3,7.629450E-6,-386.240000E-6,148500
3.700000E+3,-22.888300E-6,-452.043000E-6,149000
3.699000E+3,-38.147200E-6,-421.526000E-6,149500
3.699000E+3,-99.182600E-6,-487.329000E-6,150000
3.699000E+3,-167.848000E-6,-455.858000E-6,150500
3.699000E+3,-213.624000E-6,-381.472000E-6,151000
3.698000E+3,-274.660000E-6,-364.305000E-6,151500
3.698000E+3,-236.512000E-6,-343.325000E-6,152000
3.698000E+3,-167.848000E-6,-182.153000E-6,152500
3.697000E+3,-175.477000E-6,-222.207000E-6,153000
3.697000E+3,-38.147200E-6,-321.390000E-6,153500
3.697000E+3,91.553200E-6,-391.008000E-6,154000
3.697000E+3,83.923800E-6,-437.738000E-6,154500
3.696000E+3,38.147200E-6,-401.499000E-6,155000
3.696000E+3,-30.517800E-6,-444.414000E-6,155500
3.696000E+3,-53.406000E-6,-618.938000E-6,156000
3.695000E+3,-106.812000E-6,-661.854000E-6,156500
3.695000E+3,-91.553200E-6,-607.494000E-6,157000
3.695000E+3,-129.701000E-6,-516.895000E-6,157500
3.695000E+3,0.000000E+0,-445.368000E-6,158000
3.694000E+3,76.294400E-6,-302.317000E-6,158500
3.694000E+3,-15.258900E-6,-226.975000E-6,159000
3.694000E+3,-38.147200E-6,-245.096000E-6,159500
3.693000E+3,-114.441000E-6,-272.753000E-6,160000
3.693000E+3,-114.441000E-6,-208.856000E-6,160500
3.693000E+3,-106.812000E-6,-160.218000E-6,161000
3.693000E+3,-152.589000E-6,-135.423000E-6,161500
3.692000E+3,-30.517800E-6,-243.188000E-6,162000
3.692000E+3,106.812000E-6,-349.047000E-6,162500
3.692000E+3,99.182600E-6,-396.730000E-6,163000
3.691000E+3,99.182600E-6,-447.275000E-6,163500
3.691000E+3,-45.776600E-6,-432.016000E-6,164000
3.691000E+3,-160.218000E-6,-348.093000E-6,164500
3.690000E+3,-205.995000E-6,-330.927000E-6,165000
3.690000E+3,-221.253000E-6,-379.564000E-6,165500
3.690000E+3,-175.477000E-6,-391.008000E-6,166000
3.690000E+3,-38.147200E-6,-354.769000E-6,166500
3.689000E+3,53.406000E-6,-299.456000E-6,167000
3.689000E+3,-53.406000E-6,-239.373000E-6,167500
3.689000E+3,-76.294400E-6,-316.622000E-6,168000
3.689000E+3,22.888300E-6,-525.478000E-6,168500
3.688000E+3,99.182600E-6,-562.672000E-6,169000
3.688000E+3,114.441000E-6,-498.775000E-6,169500
3.688000E+3,114.441000E-6,-472.071000E-6,170000
3.687000E+3,144.959000E-6,-421.526000E-6,170500
3.687000E+3,7.629450E-6,-387.194000E-6,171000
3.687000E+3,-53.406000E-6,-382.425000E-6,171500
3.686000E+3,-53.406000E-6,-343.325000E-6,172000
3.686000E+3,68.665000E-6,-418.665000E-6,172500
3.686000E+3,45.776600E-6,-405.313000E-6,173000
3.686000E+3,-137.330000E-6,-443.460000E-6,173500
3.685000E+3,-236.512000E-6,-448.229000E-6,174000
3.685000E+3,-129.701000E-6,-504.497000E-6,174500
3.685000E+3,-30.517800E-6,-593.189000E-6,175000
3.685000E+3,-30.517800E-6,-538.830000E-6,175500
3.684000E+3,-99.182600E-6,-414.850000E-6,176000
3.684000E+3,-152.589000E-6,-294.687000E-6,176500
3.684000E+3,-114.441000E-6,-184.060000E-6,177000
3.683000E+3,68.665000E-6,-238.420000E-6,177500
3.683000E+3,152.589000E-6,-449.182000E-6,178000
3.683000E+3,53.406000E-6,-504.497000E-6,178500
3.682000E+3,68.665000E-6,-558.857000E-6,179000
3.682000E+3,99.182600E-6,-518.803000E-6,179500
3.682000E+3,106.812000E-6,-455.858000E-6,180000
3.682000E+3,83.923800E-6,-549.320000E-6,180500
3.681000E+3,45.776600E-6,-502.590000E-6,181000
3.681000E+3,-68.665000E-6,-425.341000E-6,181500
3.681000E+3,-228.883000E-6,-391.008000E-6,182000
3.680000E+3,-190.736000E-6,-319.483000E-6,182500
3.680000E+3,-22.888300E-6,-350.000000E-6,183000
3.680000E+3,-61.035600E-6,-386.240000E-6,183500
3.680000E+3,-213.624000E-6,-462.534000E-6,184000
3.679000E+3,-274.660000E-6,-514.034000E-6,184500
3.679000E+3,-160.218000E-6,-451.090000E-6,185000
3.679000E+3,-129.701000E-6,-341.417000E-6,185500
3.678000E+3,-106.812000E-6,-312.807000E-6,186000
3.678000E+3,-83.923800E-6,-265.123000E-6,186500
3.678000E+3,-99.182600E-6,-205.995000E-6,187000
3.678000E+3,-68.665000E-6,-215.531000E-6,187500
3.677000E+3,-7.629450E-6,-306.131000E-6,188000
3.677000E+3,-30.517800E-6,-394.823000E-6,188500
3.677000E+3,-160.218000E-6,-441.553000E-6,189000
3.676000E+3,-289.919000E-6,-544.552000E-6,189500
3.676000E+3,-244.142000E-6,-614.170000E-6,190000
3.676000E+3,-99.182600E-6,-465.395000E-6,190500
3.676000E+3,-91.553200E-6,-310.900000E-6,191000
3.675000E+3,-122.071000E-6,-302.317000E-6,191500
3.675000E+3,-137.330000E-6,-346.186000E-6,192000
3.675000E+3,-99.182600E-6,-310.900000E-6,192500
3.674000E+3,0.000000E+0,-402.452000E-6,193000
3.674000E+3,83.923800E-6,-381.472000E-6,193500
3.674000E+3,68.665000E-6,-361.444000E-6,194000
3.673000E+3,0.000000E+0,-378.611000E-6,194500
3.673000E+3,-30.517800E-6,-489.239000E-6,195000
3.673000E+3,15.258900E-6,-642.780000E-6,195500
3.673000E+3,-53.406000E-6,-651.363000E-6,196000
3.672000E+3,-251.772000E-6,-557.903000E-6,196500
3.672000E+3,-564.579000E-6,-539.783000E-6,197000
3.672000E+3,-770.573000E-6,-473.978000E-6,197500
3.671000E+3,-747.684000E-6,-455.858000E-6,198000
3.671000E+3,-534.061000E-6,-411.989000E-6,198500
3.671000E+3,-213.624000E-6,-292.780000E-6,199000
3.670000E+3,167.848000E-6,-187.875000E-6,199500
3.670000E+3,587.467000E-6,-156.404000E-6,200000
3.670000E+3,770.573000E-6,-294.687000E-6,200500
3.670000E+3,679.020000E-6,-452.043000E-6,201000
3.669000E+3,480.654000E-6,-512.127000E-6,201500
3.669000E+3,259.401000E-6,-547.413000E-6,202000
3.669000E+3,106.812000E-6,-541.691000E-6,202500
3.668000E+3,61.035600E-6,-463.488000E-6,203000
3.668000E+3,-7.629450E-6,-410.082000E-6,203500
3.668000E+3,-53.406000E-6,-306.131000E-6,204000
3.667000E+3,-76.294400E-6,-217.439000E-6,204500
3.667000E+3,-91.553200E-6,-306.131000E-6,205000
3.667000E+3,0.000000E+0,-485.422000E-6,205500
3.667000E+3,-15.258900E-6,-640.873000E-6,206000
3.666000E+3,-83.923800E-6,-746.731000E-6,206500
3.666000E+3,-114.441000E-6,-695.232000E-6,207000
3.666000E+3,-190.736000E-6,-548.366000E-6,207500
3.665000E+3,-160.218000E-6,-502.590000E-6,208000
3.665000E+3,-167.848000E-6,-527.386000E-6,208500
3.665000E+3,-335.695000E-6,-578.884000E-6,209000
3.665000E+3,-328.066000E-6,-562.672000E-6,209500
3.664000E+3,-282.289000E-6,-476.839000E-6,210000
3.664000E+3,-320.436000E-6,-354.769000E-6,210500
3.664000E+3,-320.436000E-6,-348.093000E-6,211000
3.663000E+3,-213.624000E-6,-396.730000E-6,211500
3.663000E+3,76.294400E-6,-411.035000E-6,212000
3.663000E+3,274.660000E-6,-419.619000E-6,212500
3.663000E+3,259.401000E-6,-471.117000E-6,213000
3.662000E+3,106.812000E-6,-379.564000E-6,213500
3.662000E+3,45.776600E-6,-341.417000E-6,214000
3.662000E+3,76.294400E-6,-438.692000E-6,214500
3.661000E+3,45.776600E-6,-448.229000E-6,215000
3.661000E+3,-76.294400E-6,-447.275000E-6,215500
3.661000E+3,-53.406000E-6,-423.433000E-6,216000
3.661000E+3,-68.665000E-6,-477.793000E-6,216500
3.660000E+3,-15.258900E-6,-485.422000E-6,217000
3.660000E+3,-22.888300E-6,-490.192000E-6,217500
3.660000E+3,15.258900E-6,-480.654000E-6,218000
3.659000E+3,160.218000E-6,-453.951000E-6,218500
3.659000E+3,221.253000E-6,-399.591000E-6,219000
3.659000E+3,183.106000E-6,-359.537000E-6,219500
3.659000E+3,175.477000E-6,-304.224000E-6,220000
3.658000E+3,175.477000E-6,-247.004000E-6,220500
3.658000E+3,114.441000E-6,-232.697000E-6,221000
3.658000E+3,-7.629450E-6,-332.834000E-6,221500
3.657000E+3,-7.629450E-6,-414.850000E-6,222000
3.657000E+3,-38.147200E-6,-391.962000E-6,222500
3.657000E+3,38.147200E-6,-314.714000E-6,223000
3.657000E+3,30.517800E-6,-228.883000E-6,223500
3.656000E+3,-45.776600E-6,-258.448000E-6,224000
3.656000E+3,-22.888300E-6,-270.845000E-6,224500
3.656000E+3,-53.406000E-6,-236.512000E-6,225000
3.655000E+3,-129.701000E-6,-232.697000E-6,225500
3.655000E+3,-114.441000E-6,-260.355000E-6,226000
3.655000E+3,-152.589000E-6,-315.668000E-6,226500
3.655000E+3,-106.812000E-6,-348.093000E-6,227000
3.654000E+3,-106.812000E-6,-351.908000E-6,227500
3.654000E+3,-114.441000E-6,-368.120000E-6,228000
3.654000E+3,-7.629450E-6,-313.761000E-6,228500
3.653000E+3,-7.629450E-6,-410.082000E-6,229000
3.653000E+3,-91.553200E-6,-540.737000E-6,229500
3.653000E+3,-144.959000E-6,-552.181000E-6,230000
3.652000E+3,-129.701000E-6,-495.914000E-6,230500
3.652000E+3,-22.888300E-6,-435.831000E-6,231000
3.652000E+3,68.665000E-6,-368.120000E-6,231500
3.652000E+3,83.923800E-6,-405.313000E-6,232000
3.651000E+3,45.776600E-6,-500.683000E-6,232500
3.651000E+3,53.406000E-6,-480.654000E-6,233000
3.651000E+3,-76.294400E-6,-434.877000E-6,233500
3.650000E+3,-175.477000E-6,-416.758000E-6,234000
3.650000E+3,-160.218000E-6,-476.839000E-6,234500
3.650000E+3,-152.589000E-6,-434.877000E-6,235000
3.650000E+3,-160.218000E-6,-397.684000E-6,235500
3.649000E+3,-152.589000E-6,-392.916000E-6,236000
3.649000E+3,-152.589000E-6,-361.444000E-6,236500
3.649000E+3,-244.142000E-6,-411.989000E-6,237000
3.648000E+3,-190.736000E-6,-503.544000E-6,237500
3.648000E+3,0.000000E+0,-545.505000E-6,238000
3.648000E+3,0.000000E+0,-572.208000E-6,238500
3.648000E+3,0.000000E+0,-461.580000E-6,239000
3.647000E+3,-15.258900E-6,-370.981000E-6,239500
3.647000E+3,53.406000E-6,-412.943000E-6,240000
3.647000E+3,-53.406000E-6,-500.683000E-6,240500
3.646000E+3,-228.883000E-6,-565.533000E-6,241000
3.646000E+3,-228.883000E-6,-559.811000E-6,241500
3.646000E+3,-213.624000E-6,-497.822000E-6,242000
3.645000E+3,-122.071000E-6,-379.564000E-6,242500
3.645000E+3,-99.182600E-6,-349.047000E-6,243000
3.645000E+3,-137.330000E-6,-304.224000E-6,243500
3.645000E+3,-183.106000E-6,-263.216000E-6,244000
3.644000E+3,-152.589000E-6,-198.365000E-6,244500
3.644000E+3,-152.589000E-6,-157.357000E-6,245000
3.644000E+3,-175.477000E-6,-240.327000E-6,245500
3.643000E+3,-160.218000E-6,-412.943000E-6,246000
3.643000E+3,-68.665000E-6,-463.488000E-6,246500
3.643000E+3,-106.812000E-6,-384.333000E-6,247000
3.642000E+3,-122.071000E-6,-310.900000E-6,247500
3.642000E+3,-53.406000E-6,-262.262000E-6,248000
3.642000E+3,-22.888300E-6,-351.908000E-6,248500
3.642000E+3,-99.182600E-6,-329.020000E-6,249000
3.641000E+3,-175.477000E-6,-250.818000E-6,249500
3.641000E+3,-160.218000E-6,-228.883000E-6,250000
3.641000E+3,-76.294400E-6,-186.921000E-6,250500
3.640000E+3,-53.406000E-6,-170.709000E-6,251000
3.640000E+3,-38.147200E-6,-248.911000E-6,251500
3.640000E+3,0.000000E+0,-394.823000E-6,252000
3.640000E+3,-129.701000E-6,-490.192000E-6,252500
3.639000E+3,-236.512000E-6,-494.007000E-6,253000
3.639000E+3,-198.365000E-6,-326.158000E-6,253500
3.639000E+3,-114.441000E-6,-314.714000E-6,254000
3.638000E+3,-144.959000E-6,-347.139000E-6,254500
3.638000E+3,-68.665000E-6,-297.548000E-6,255000
3.638000E+3,0.000000E+0,-275.614000E-6,255500
3.637000E+3,-22.888300E-6,-344.278000E-6,256000
3.637000E+3,-7.629450E-6,-421.526000E-6,256500
3.637000E+3,-91.553200E-6,-500.683000E-6,257000
3.636000E+3,-152.589000E-6,-599.865000E-6,257500
3.636000E+3,-137.330000E-6,-624.660000E-6,258000
3.636000E+3,-144.959000E-6,-482.561000E-6,258500
3.636000E+3,-221.253000E-6,-425.341000E-6,259000
3.635000E+3,-320.436000E-6,-362.398000E-6,259500
3.635000E+3,-251.772000E-6,-363.352000E-6,260000
3.635000E+3,-175.477000E-6,-390.055000E-6,260500
3.634000E+3,-198.365000E-6,-369.074000E-6,261000
3.634000E+3,-1.235970E-3,727.657000E-6,261500
3.634000E+3,-1.274120E-3,932.697000E-6,262000
3.634000E+3,-679.020000E-6,338.556000E-6,262500
3.633000E+3,-267.031000E-6,-66.757700E-6,263000
3.633000E+3,-45.776600E-6,-237.466000E-6,263500
3.633000E+3,53.406000E-6,-319.483000E-6,264000
3.632000E+3,198.365000E-6,-335.695000E-6,264500
3.632000E+3,205.995000E-6,-354.769000E-6,265000
3.632000E+3,221.253000E-6,-366.213000E-6,265500
3.631000E+3,144.959000E-6,-361.444000E-6,266000
3.631000E+3,106.812000E-6,-277.521000E-6,266500
3.631000E+3,76.294400E-6,-278.475000E-6,267000
3.631000E+3,-99.182600E-6,-282.289000E-6,267500
3.630000E+3,-190.736000E-6,-255.587000E-6,268000
3.630000E+3,-183.106000E-6,-298.502000E-6,268500
3.630000E+3,-160.218000E-6,-383.379000E-6,269000
3.629000E+3,-137.330000E-6,-350.954000E-6,269500
3.629000E+3,-61.035600E-6,-373.842000E-6,270000
3.629000E+3,15.258900E-6,-411.989000E-6,270500
3.628000E+3,-45.776600E-6,-312.807000E-6,271000
3.628000E+3,-152.589000E-6,-370.981000E-6,271500
3.628000E+3,-137.330000E-6,-484.468000E-6,272000
3.627000E+3,-38.147200E-6,-469.210000E-6,272500
3.627000E+3,53.406000E-6,-485.422000E-6,273000
3.627000E+3,91.553200E-6,-478.746000E-6,273500
3.627000E+3,-76.294400E-6,-436.785000E-6,274000
3.626000E+3,-213.624000E-6,-404.360000E-6,274500
3.626000E+3,-274.660000E-6,-344.278000E-6,275000
3.626000E+3,-167.848000E-6,-301.363000E-6,275500
3.625000E+3,-53.406000E-6,-255.587000E-6,276000
3.625000E+3,-129.701000E-6,-402.452000E-6,276500
3.625000E+3,-267.031000E-6,-534.061000E-6,277000
3.625000E+3,-160.218000E-6,-480.654000E-6,277500
3.624000E+3,-68.665000E-6,-345.232000E-6,278000
3.624000E+3,-106.812000E-6,-294.687000E-6,278500
3.624000E+3,-68.665000E-6,-460.627000E-6,279000
3.623000E+3,0.000000E+0,-443.460000E-6,279500
3.623000E+3,15.258900E-6,-375.750000E-6,280000
3.623000E+3,-68.665000E-6,-366.213000E-6,280500
3.622000E+3,-15.258900E-6,-372.889000E-6,281000
3.622000E+3,-7.629450E-6,-299.456000E-6,281500
3.622000E+3,-106.812000E-6,-233.651000E-6,282000
3.622000E+3,-99.182600E-6,-207.902000E-6,282500
3.621000E+3,61.035600E-6,-186.921000E-6,283000
3.621000E+3,30.517800E-6,-203.134000E-6,283500
3.621000E+3,-68.665000E-6,-250.818000E-6,284000
3.620000E+3,-61.035600E-6,-256.540000E-6,284500
3.620000E+3,83.923800E-6,-250.818000E-6,285000
3.620000E+3,99.182600E-6,-292.780000E-6,285500
3.619000E+3,-30.517800E-6,-350.954000E-6,286000
3.619000E+3,-76.294400E-6,-352.861000E-6,286500
3.619000E+3,-53.406000E-6,-355.722000E-6,287000
3.619000E+3,15.258900E-6,-303.270000E-6,287500
3.618000E+3,83.923800E-6,-314.714000E-6,288000
3.618000E+3,152.589000E-6,-465.395000E-6,288500
3.618000E+3,152.589000E-6,-534.061000E-6,289000
3.617000E+3,106.812000E-6,-447.275000E-6,289500
3.617000E+3,45.776600E-6,-331.881000E-6,290000
3.617000E+3,-106.812000E-6,-408.174000E-6,290500
3.617000E+3,-160.218000E-6,-405.313000E-6,291000
3.616000E+3,-129.701000E-6,-415.804000E-6,291500
3.616000E+3,-45.776600E-6,-535.969000E-6,292000
3.616000E+3,22.888300E-6,-538.830000E-6,292500
3.615000E+3,76.294400E-6,-467.302000E-6,293000
3.615000E+3,76.294400E-6,-336.649000E-6,293500
3.615000E+3,99.182600E-6,-472.071000E-6,294000
3.614000E+3,99.182600E-6,-614.170000E-6,294500
3.614000E+3,114.441000E-6,-572.208000E-6,295000
3.614000E+3,53.406000E-6,-585.560000E-6,295500
3.613000E+3,-53.406000E-6,-582.699000E-6,296000
3.613000E+3,-167.848000E-6,-470.163000E-6,296500
3.613000E+3,-144.959000E-6,-390.055000E-6,297000
3.613000E+3,-152.589000E-6,-279.428000E-6,297500
3.612000E+3,-190.736000E-6,-287.058000E-6,298000
3.612000E+3,-152.589000E-6,-374.796000E-6,298500
3.612000E+3,-106.812000E-6,-470.163000E-6,299000
3.611000E+3,-99.182600E-6,-558.857000E-6,299500
3.611000E+3,-129.701000E-6,-642.780000E-6,300000
3.611000E+3,-45.776600E-6,-611.309000E-6,300500
3.610000E+3,22.888300E-6,-551.227000E-6,301000
3.610000E+3,91.553200E-6,-605.587000E-6,301500
3.610000E+3,152.589000E-6,-498.775000E-6,302000
3.610000E+3,205.995000E-6,-433.924000E-6,302500
3.609000E+3,61.035600E-6,-449.182000E-6,303000
3.609000E+3,0.000000E+0,-517.849000E-6,303500
3.609000E+3,-76.294400E-6,-430.109000E-6,304000
3.608000E+3,0.000000E+0,-355.722000E-6,304500
3.608000E+3,99.182600E-6,-410.082000E-6,305000
3.608000E+3,61.035600E-6,-381.472000E-6,305500
3.607000E+3,53.406000E-6,-392.916000E-6,306000
3.607000E+3,61.035600E-6,-366.213000E-6,306500
3.607000E+3,7.629450E-6,-321.390000E-6,307000
3.607000E+3,-45.776600E-6,-366.213000E-6,307500
3.606000E+3,-15.258900E-6,-433.924000E-6,308000
3.606000E+3,-91.553200E-6,-466.349000E-6,308500
3.606000E+3,-45.776600E-6,-472.071000E-6,309000
3.605000E+3,22.888300E-6,-425.341000E-6,309500
3.605000E+3,68.665000E-6,-324.251000E-6,310000
3.605000E+3,22.888300E-6,-336.649000E-6,310500
3.605000E+3,-114.441000E-6,-428.202000E-6,311000
3.604000E+3,-99.182600E-6,-552.181000E-6,311500
3.604000E+3,-38.147200E-6,-619.892000E-6,312000
3.604000E+3,-53.406000E-6,-640.873000E-6,312500
3.603000E+3,7.629450E-6,-619.892000E-6,313000
3.603000E+3,-30.517800E-6,-597.004000E-6,313500
3.603000E+3,-122.071000E-6,-587.467000E-6,314000
3.602000E+3,-106.812000E-6,-462.534000E-6,314500
3.602000E+3,0.000000E+0,-452.043000E-6,315000
3.602000E+3,45.776600E-6,-512.127000E-6,315500
3.601000E+3,-53.406000E-6,-465.395000E-6,316000
3.601000E+3,-61.035600E-6,-434.877000E-6,316500
3.601000E+3,-53.406000E-6,-398.638000E-6,317000
3.601000E+3,-152.589000E-6,-314.714000E-6,317500
3.600000E+3,-175.477000E-6,-305.178000E-6,318000
3.600000E+3,-205.995000E-6,-354.769000E-6,318500
3.600000E+3,-114.441000E-6,-410.082000E-6,319000
3.599000E+3,-91.553200E-6,-447.275000E-6,319500
3.599000E+3,-198.365000E-6,-507.358000E-6,320000
3.599000E+3,-312.807000E-6,-567.440000E-6,320500
3.598000E+3,-259.401000E-6,-608.448000E-6,321000
3.598000E+3,-190.736000E-6,-581.745000E-6,321500
3.598000E+3,-289.919000E-6,-516.895000E-6,322000
3.598000E+3,-312.807000E-6,-439.646000E-6,322500
3.597000E+3,-305.178000E-6,-386.240000E-6,323000
3.597000E+3,-259.401000E-6,-526.432000E-6,323500
3.597000E+3,-267.031000E-6,-571.255000E-6,324000
3.596000E+3,-213.624000E-6,-511.173000E-6,324500
3.596000E+3,-76.294400E-6,-450.136000E-6,325000
3.596000E+3,22.888300E-6,-494.007000E-6,325500
3.595000E+3,-76.294400E-6,-557.903000E-6,326000
3.595000E+3,-198.365000E-6,-478.746000E-6,326500
3.595000E+3,-205.995000E-6,-525.478000E-6,327000
3.594000E+3,-129.701000E-6,-496.868000E-6,327500
3.594000E+3,-167.848000E-6,-381.472000E-6,328000
3.594000E+3,-213.624000E-6,-286.104000E-6,328500
3.594000E+3,-160.218000E-6,-276.567000E-6,329000
3.593000E+3,-15.258900E-6,-289.919000E-6,329500
3.593000E+3,30.517800E-6,-281.336000E-6,330000
3.593000E+3,-68.665000E-6,-200.273000E-6,330500
3.592000E+3,-144.959000E-6,-256.540000E-6,331000
3.592000E+3,-205.995000E-6,-383.379000E-6,331500
3.592000E+3,-282.289000E-6,-364.305000E-6,332000
3.591000E+3,-236.512000E-6,-300.409000E-6,332500
3.591000E+3,-198.365000E-6,-297.548000E-6,333000
3.591000E+3,-183.106000E-6,-424.387000E-6,333500
3.591000E+3,-83.923800E-6,-451.090000E-6,334000
3.590000E+3,-45.776600E-6,-432.016000E-6,334500
3.590000E+3,-160.218000E-6,-448.229000E-6,335000
3.590000E+3,-305.178000E-6,-390.055000E-6,335500
3.589000E+3,-427.248000E-6,-303.270000E-6,336000
3.589000E+3,-457.766000E-6,-271.799000E-6,336500
3.589000E+3,-480.654000E-6,-386.240000E-6,337000
3.588000E+3,-549.320000E-6,-525.478000E-6,337500
3.588000E+3,-732.426000E-6,-503.544000E-6,338000
3.588000E+3,-862.125000E-6,-555.042000E-6,338500
3.588000E+3,-1.121530E-3,-545.505000E-6,339000
3.587000E+3,-1.579290E-3,-572.208000E-6,339500
3.587000E+3,-2.113360E-3,-637.058000E-6,340000
3.587000E+3,-2.525340E-3,-752.453000E-6,340500
3.586000E+3,-2.426160E-3,-726.704000E-6,341000
3.586000E+3,-1.655590E-3,-559.811000E-6,341500
3.586000E+3,-480.654000E-6,-452.043000E-6,342000
3.585000E+3,839.237000E-6,-354.769000E-6,342500
3.585000E+3,1.968400E-3,-255.587000E-6,343000
3.585000E+3,2.502460E-3,-126.840000E-6,343500
3.585000E+3,2.365130E-3,-103.951000E-6,344000
3.584000E+3,1.914990E-3,-93.460500E-6,344500
3.584000E+3,1.220710E-3,-229.836000E-6,345000
3.584000E+3,541.691000E-6,-356.676000E-6,345500
3.583000E+3,45.776600E-6,-387.194000E-6,346000
3.583000E+3,-205.995000E-6,-406.267000E-6,346500
3.583000E+3,-91.553200E-6,-453.951000E-6,347000
3.582000E+3,106.812000E-6,-432.016000E-6,347500
3.582000E+3,358.583000E-6,-347.139000E-6,348000
3.582000E+3,633.243000E-6,-237.466000E-6,348500
3.581000E+3,778.202000E-6,-214.578000E-6,349000
3.581000E+3,595.096000E-6,-142.098000E-6,349500
3.581000E+3,389.101000E-6,-52.452300E-6,350000
3.580000E+3,244.142000E-6,-114.441000E-6,350500
3.580000E+3,152.589000E-6,-251.772000E-6,351000
3.580000E+3,53.406000E-6,-337.603000E-6,351500
3.580000E+3,45.776600E-6,-476.839000E-6,352000
3.579000E+3,30.517800E-6,-485.422000E-6,352500
3.579000E+3,-15.258900E-6,-429.155000E-6,353000
3.579000E+3,-7.629450E-6,-358.583000E-6,353500
3.578000E+3,0.000000E+0,-342.371000E-6,354000
3.578000E+3,-53.406000E-6,-370.981000E-6,354500
3.578000E+3,-137.330000E-6,-422.480000E-6,355000
3.577000E+3,-183.106000E-6,-503.544000E-6,355500
3.577000E+3,-152.589000E-6,-555.996000E-6,356000
3.577000E+3,-152.589000E-6,-609.402000E-6,356500
3.577000E+3,-144.959000E-6,-589.374000E-6,357000
3.576000E+3,-53.406000E-6,-624.660000E-6,357500
3.576000E+3,45.776600E-6,-564.579000E-6,358000
3.576000E+3,76.294400E-6,-373.842000E-6,358500
3.575000E+3,22.888300E-6,-332.834000E-6,359000
3.575000E+3,-15.258900E-6,-390.055000E-6,359500
3.575000E+3,15.258900E-6,-438.692000E-6,360000
3.574000E+3,-76.294400E-6,-473.978000E-6,360500
3.574000E+3,-137.330000E-6,-445.368000E-6,361000
3.574000E+3,-160.218000E-6,-456.812000E-6,361500
3.574000E+3,-91.553200E-6,-456.812000E-6,362000
3.573000E+3,-22.888300E-6,-356.676000E-6,362500
3.573000E+3,-167.848000E-6,-332.834000E-6,363000
3.573000E+3,-228.883000E-6,-287.058000E-6,363500
3.572000E+3,-282.289000E-6,-359.537000E-6,364000
3.572000E+3,-244.142000E-6,-431.063000E-6,364500
3.572000E+3,-213.624000E-6,-413.897000E-6,365000
3.571000E+3,-160.218000E-6,-486.376000E-6,365500
3.571000E+3,-38.147200E-6,-489.239000E-6,366000
3.571000E+3,68.665000E-6,-545.505000E-6,366500
3.571000E+3,30.517800E-6,-549.320000E-6,367000
3.570000E+3,30.517800E-6,-468.256000E-6,367500
3.570000E+3,-30.517800E-6,-458.719000E-6,368000
3.570000E+3,38.147200E-6,-476.839000E-6,368500
3.569000E+3,-22.888300E-6,-535.969000E-6,369000
3.569000E+3,-213.624000E-6,-521.664000E-6,369500
3.569000E+3,-297.548000E-6,-574.116000E-6,370000
3.568000E+3,-160.218000E-6,-638.012000E-6,370500
3.568000E+3,-83.923800E-6,-532.154000E-6,371000
3.568000E+3,-30.517800E-6,-352.861000E-6,371500
3.567000E+3,-45.776600E-6,-361.444000E-6,372000
3.567000E+3,-221.253000E-6,-353.815000E-6,372500
3.567000E+3,-267.031000E-6,-212.670000E-6,373000
3.567000E+3,-289.919000E-6,-326.158000E-6,373500
3.566000E+3,-282.289000E-6,-356.676000E-6,374000
3.566000E+3,-274.660000E-6,-318.529000E-6,374500
3.566000E+3,-244.142000E-6,-315.668000E-6,375000
3.565000E+3,-267.031000E-6,-300.409000E-6,375500
3.565000E+3,-320.436000E-6,-363.352000E-6,376000
3.565000E+3,-335.695000E-6,-370.027000E-6,376500
3.564000E+3,-373.842000E-6,-407.221000E-6,377000
3.564000E+3,-442.507000E-6,-474.932000E-6,377500
3.564000E+3,-373.842000E-6,-571.255000E-6,378000
3.563000E+3,-282.289000E-6,-495.914000E-6,378500
3.563000E+3,-244.142000E-6,-483.515000E-6,379000
3.563000E+3,-175.477000E-6,-479.700000E-6,379500
3.562000E+3,-129.701000E-6,-580.791000E-6,380000
3.562000E+3,-175.477000E-6,-520.710000E-6,380500
3.562000E+3,-244.142000E-6,-481.607000E-6,381000
3.562000E+3,-267.031000E-6,-619.892000E-6,381500
3.561000E+3,-389.101000E-6,-609.402000E-6,382000
3.561000E+3,-427.248000E-6,-430.109000E-6,382500
3.561000E+3,-411.989000E-6,-363.352000E-6,383000
3.560000E+3,-366.213000E-6,-390.055000E-6,383500
3.560000E+3,-411.989000E-6,-468.256000E-6,384000
3.560000E+3,-465.395000E-6,-436.785000E-6,384500
3.559000E+3,-427.248000E-6,-358.583000E-6,385000
3.559000E+3,-450.136000E-6,-508.312000E-6,385500
3.559000E+3,-473.024000E-6,-552.181000E-6,386000
3.559000E+3,-434.877000E-6,-382.425000E-6,386500
3.558000E+3,-419.619000E-6,-317.575000E-6,387000
3.558000E+3,-488.285000E-6,-364.305000E-6,387500
3.558000E+3,-610.355000E-6,-412.943000E-6,388000
3.557000E+3,-694.279000E-6,-387.194000E-6,388500
3.557000E+3,-709.537000E-6,-376.703000E-6,389000
3.557000E+3,-686.649000E-6,-393.869000E-6,389500
3.556000E+3,-671.390000E-6,-400.545000E-6,390000
3.556000E+3,-740.055000E-6,-523.571000E-6,390500
3.556000E+3,-701.908000E-6,-557.903000E-6,391000
3.555000E+3,-717.167000E-6,-421.526000E-6,391500
3.555000E+3,-701.908000E-6,-235.558000E-6,392000
3.555000E+3,-709.537000E-6,-205.995000E-6,392500
3.554000E+3,-656.132000E-6,-247.004000E-6,393000
3.554000E+3,-663.761000E-6,-292.780000E-6,393500
3.554000E+3,-541.691000E-6,-328.066000E-6,394000
3.554000E+3,-335.695000E-6,-361.444000E-6,394500
3.553000E+3,-137.330000E-6,-430.109000E-6,395000
3.553000E+3,-160.218000E-6,-446.321000E-6,395500
3.553000E+3,-213.624000E-6,-415.804000E-6,396000
3.552000E+3,-244.142000E-6,-371.935000E-6,396500
3.552000E+3,-282.289000E-6,-310.900000E-6,397000
3.552000E+3,-259.401000E-6,-315.668000E-6,397500
3.551000E+3,-213.624000E-6,-481.607000E-6,398000
3.551000E+3,-320.436000E-6,-638.012000E-6,398500
3.551000E+3,-457.766000E-6,-606.541000E-6,399000
3.550000E+3,-694.279000E-6,-452.043000E-6,399500
3.550000E+3,-846.867000E-6,-334.742000E-6,400000
3.550000E+3,-1.014720E-3,-251.772000E-6,400500
3.550000E+3,-1.060490E-3,-231.744000E-6,401000
3.549000E+3,-1.174930E-3,-309.946000E-6,401500
3.549000E+3,-1.327520E-3,-456.812000E-6,402000
3.549000E+3,-1.541150E-3,-560.764000E-6,402500
3.548000E+3,-1.869210E-3,-530.247000E-6,403000
3.548000E+3,-2.288830E-3,-614.170000E-6,403500
3.548000E+3,-2.662670E-3,-746.731000E-6,404000
3.547000E+3,-3.036510E-3,-740.055000E-6,404500
3.547000E+3,-3.585830E-3,-784.878000E-6,405000
3.547000E+3,-4.463230E-3,-749.592000E-6,405500
3.547000E+3,-5.683930E-3,-693.325000E-6,406000
3.546000E+3,-7.301360E-3,-835.422000E-6,406500
3.546000E+3,-9.483400E-3,-989.921000E-6,407000
3.546000E+3,-12.519900E-3,-1.091960E-3,407500
3.545000E+3,-17.036600E-3,-1.393330E-3,408000
3.545000E+3,-23.430000E-3,-1.843460E-3,408500
3.545000E+3,-31.929300E-3,-2.366080E-3,409000
3.544000E+3,-42.084000E-3,-3.061310E-3,409500
3.544000E+3,-52.696500E-3,-3.767980E-3,410000
3.544000E+3,-61.744900E-3,-4.303960E-3,410500
3.543000E+3,-66.872100E-3,-4.556690E-3,411000
3.543000E+3,-65.079200E-3,-4.388840E-3,411500
3.543000E+3,-53.390700E-3,-3.662120E-3,412000
3.542000E+3,-30.204900E-3,-2.177250E-3,412500
3.542000E+3,2.113360E-3,34.332500E-6,413000
3.542000E+3,36.796800E-3,2.373710E-3,413500
3.542000E+3,65.010500E-3,3.979710E-3,414000
3.541000E+3,80.017600E-3,4.653010E-3,414500
3.541000E+3,79.956500E-3,4.483250E-3,415000
3.541000E+3,68.802400E-3,3.602040E-3,415500
3.540000E+3,52.810900E-3,2.561580E-3,416000
3.540000E+3,37.674200E-3,1.711850E-3,416500
3.540000E+3,25.917200E-3,1.091010E-3,417000
3.539000E+3,17.746100E-3,719.074000E-6,417500
3.539000E+3,12.359700E-3,423.433000E-6,418000
3.539000E+3,8.827270E-3,161.172000E-6,418500
3.538000E+3,6.507900E-3,-47.683900E-6,419000
3.538000E+3,4.966770E-3,-166.894000E-6,419500
3.538000E+3,3.913910E-3,-89.645900E-6,420000
3.538000E+3,3.158580E-3,-26.703000E-6,420500
3.537000E+3,2.616900E-3,-60.081700E-6,421000
3.537000E+3,2.220170E-3,-199.319000E-6,421500
3.537000E+3,1.892100E-3,-245.096000E-6,422000
3.536000E+3,1.655590E-3,-197.412000E-6,422500
3.536000E+3,1.510630E-3,-235.558000E-6,423000
3.536000E+3,1.235970E-3,-183.106000E-6,423500
3.535000E+3,991.829000E-6,-175.477000E-6,424000
3.535000E+3,801.090000E-6,-305.178000E-6,424500
3.535000E+3,640.873000E-6,-283.243000E-6,425000
3.535000E+3,465.395000E-6,-193.597000E-6,425500
3.534000E+3,411.989000E-6,-338.556000E-6,426000
3.534000E+3,572.208000E-6,-306.131000E-6,426500
3.534000E+3,564.579000E-6,-91.553200E-6,427000
3.533000E+3,473.024000E-6,34.332500E-6,427500
3.533000E+3,404.360000E-6,-85.831200E-6,428000
3.533000E+3,282.289000E-6,-321.390000E-6,428500
3.532000E+3,175.477000E-6,-392.916000E-6,429000
3.532000E+3,106.812000E-6,-418.665000E-6,429500
3.532000E+3,0.000000E+0,-530.247000E-6,430000
3.531000E+3,-53.406000E-6,-675.205000E-6,430500
3.531000E+3,-7.629450E-6,-706.676000E-6,431000
3.531000E+3,38.147200E-6,-617.985000E-6,431500
3.531000E+3,30.517800E-6,-546.459000E-6,432000
3.530000E+3,152.589000E-6,-564.579000E-6,432500
3.530000E+3,129.701000E-6,-539.783000E-6,433000
3.530000E+3,-7.629450E-6,-549.320000E-6,433500
3.529000E+3,-53.406000E-6,-559.811000E-6,434000
3.529000E+3,0.000000E+0,-536.922000E-6,434500
3.529000E+3,68.665000E-6,-425.341000E-6,435000
3.528000E+3,114.441000E-6,-272.753000E-6,435500
3.528000E+3,45.776600E-6,-270.845000E-6,436000
3.528000E+3,106.812000E-6,-313.761000E-6,436500
3.527000E+3,0.000000E+0,-310.900000E-6,437000
3.527000E+3,-106.812000E-6,-350.000000E-6,437500
3.527000E+3,-129.701000E-6,-391.008000E-6,438000
3.527000E+3,-45.776600E-6,-372.889000E-6,438500
3.526000E+3,-22.888300E-6,-350.000000E-6,439000
3.526000E+3,-106.812000E-6,-292.780000E-6,439500
3.526000E+3,-160.218000E-6,-295.641000E-6,440000
3.525000E+3,-144.959000E-6,-288.965000E-6,440500
3.525000E+3,-61.035600E-6,-267.031000E-6,441000
3.525000E+3,15.258900E-6,-324.251000E-6,441500
3.524000E+3,22.888300E-6,-433.924000E-6,442000
3.524000E+3,45.776600E-6,-546.459000E-6,442500
3.524000E+3,-22.888300E-6,-589.374000E-6,443000
3.524000E+3,-106.812000E-6,-448.229000E-6,443500
3.523000E+3,-114.441000E-6,-436.785000E-6,444000
3.523000E+3,-91.553200E-6,-335.695000E-6,444500
3.522000E+3,-129.701000E-6,-195.504000E-6,445000
3.522000E+3,-205.995000E-6,-160.218000E-6,445500
3.522000E+3,-244.142000E-6,-324.251000E-6,446000
3.522000E+3,-205.995000E-6,-418.665000E-6,446500
3.521000E+3,45.776600E-6,-404.360000E-6,447000
3.521000E+3,251.772000E-6,-319.483000E-6,447500
3.521000E+3,221.253000E-6,-330.927000E-6,448000
3.520000E+3,137.330000E-6,-263.216000E-6,448500
3.520000E+3,99.182600E-6,-311.853000E-6,449000
3.520000E+3,68.665000E-6,-317.575000E-6,449500
3.519000E+3,-7.629450E-6,-332.834000E-6,450000
3.519000E+3,-99.182600E-6,-384.333000E-6,450500
3.519000E+3,-160.218000E-6,-453.951000E-6,451000
3.519000E+3,-114.441000E-6,-542.644000E-6,451500
3.518000E+3,-61.035600E-6,-480.654000E-6,452000
3.518000E+3,-68.665000E-6,-459.673000E-6,452500
3.518000E+3,-114.441000E-6,-402.452000E-6,453000
3.517000E+3,-175.477000E-6,-441.553000E-6,453500
3.517000E+3,-68.665000E-6,-580.791000E-6,454000
3.517000E+3,30.517800E-6,-562.672000E-6,454500
3.516000E+3,53.406000E-6,-430.109000E-6,455000
3.516000E+3,-30.517800E-6,-448.229000E-6,455500
3.516000E+3,-38.147200E-6,-455.858000E-6,456000
3.516000E+3,-15.258900E-6,-478.746000E-6,456500
3.515000E+3,-137.330000E-6,-408.174000E-6,457000
3.515000E+3,-251.772000E-6,-358.583000E-6,457500
3.515000E+3,-221.253000E-6,-366.213000E-6,458000
3.514000E+3,-175.477000E-6,-308.992000E-6,458500
3.514000E+3,-99.182600E-6,-333.788000E-6,459000
3.514000E+3,-68.665000E-6,-411.989000E-6,459500
3.513000E+3,-106.812000E-6,-476.839000E-6,460000
3.513000E+3,-106.812000E-6,-446.321000E-6,460500
3.513000E+3,45.776600E-6,-468.256000E-6,461000
3.512000E+3,53.406000E-6,-459.673000E-6,461500
3.512000E+3,-7.629450E-6,-413.897000E-6,462000
3.512000E+3,-106.812000E-6,-388.147000E-6,462500
3.511000E+3,-160.218000E-6,-270.845000E-6,463000
3.511000E+3,-68.665000E-6,-180.245000E-6,463500
3.511000E+3,30.517800E-6,-180.245000E-6,464000
3.511000E+3,30.517800E-6,-212.670000E-6,464500
3.510000E+3,0.000000E+0,-222.207000E-6,465000
3.510000E+3,-15.258900E-6,-330.927000E-6,465500
3.510000E+3,-45.776600E-6,-478.746000E-6,466000
3.509000E+3,-22.888300E-6,-566.486000E-6,466500
3.509000E+3,22.888300E-6,-486.376000E-6,467000
3.509000E+3,22.888300E-6,-395.777000E-6,467500
3.508000E+3,15.258900E-6,-390.055000E-6,468000
3.508000E+3,53.406000E-6,-394.823000E-6,468500
3.508000E+3,-7.629450E-6,-348.093000E-6,469000
3.507000E+3,-53.406000E-6,-252.726000E-6,469500
3.507000E+3,45.776600E-6,-205.041000E-6,470000
3.507000E+3,68.665000E-6,-251.772000E-6,470500
3.506000E+3,0.000000E+0,-362.398000E-6,471000
3.506000E+3,22.888300E-6,-342.371000E-6,471500
3.506000E+3,22.888300E-6,-271.799000E-6,472000
3.505000E+3,-99.182600E-6,-332.834000E-6,472500
3.505000E+3,-76.294400E-6,-381.472000E-6,473000
3.505000E+3,-83.923800E-6,-240.327000E-6,473500
3.505000E+3,-205.995000E-6,-56.267000E-6,474000
3.504000E+3,-221.253000E-6,-50.545000E-6,474500
3.504000E+3,-160.218000E-6,-205.995000E-6,475000
3.504000E+3,-106.812000E-6,-266.077000E-6,475500
3.503000E+3,-61.035600E-6,-286.104000E-6,476000
3.503000E+3,-160.218000E-6,-337.603000E-6,476500
3.503000E+3,-267.031000E-6,-350.954000E-6,477000
3.502000E+3,-251.772000E-6,-336.649000E-6,477500
3.502000E+3,-282.289000E-6,-379.564000E-6,478000
3.502000E+3,-274.660000E-6,-464.441000E-6,478500
3.501000E+3,-213.624000E-6,-376.703000E-6,479000
3.501000E+3,-129.701000E-6,-311.853000E-6,479500
3.501000E+3,-160.218000E-6,-171.662000E-6,480000
3.500000E+3,0.000000E+0,-247.004000E-6,480500
3.500000E+3,-53.406000E-6,-339.510000E-6,481000
3.500000E+3,-122.071000E-6,-393.869000E-6,481500
3.499000E+3,-160.218000E-6,-469.210000E-6,482000
3.499000E+3,-228.883000E-6,-382.425000E-6,482500
3.499000E+3,-198.365000E-6,-229.836000E-6,483000
3.498000E+3,-144.959000E-6,-46.730300E-6,483500
3.498000E+3,-122.071000E-6,-43.869300E-6,484000
3.498000E+3,-160.218000E-6,-184.060000E-6,484500
3.498000E+3,-267.031000E-6,-326.158000E-6,485000
3.497000E+3,-587.467000E-6,-437.738000E-6,485500
3.497000E+3,-785.831000E-6,-401.499000E-6,486000
3.497000E+3,-839.237000E-6,-282.289000E-6,486500
3.496000E+3,-740.055000E-6,-270.845000E-6,487000
3.496000E+3,-411.989000E-6,-255.587000E-6,487500
3.496000E+3,99.182600E-6,-238.420000E-6,488000
3.495000E+3,595.096000E-6,-255.587000E-6,488500
3.495000E+3,823.978000E-6,-314.714000E-6,489000
3.495000E+3,801.090000E-6,-338.556000E-6,489500
3.494000E+3,572.208000E-6,-401.499000E-6,490000
3.494000E+3,328.066000E-6,-523.571000E-6,490500
3.494000E+3,45.776600E-6,-640.873000E-6,491000
3.494000E+3,-144.959000E-6,-616.077000E-6,491500
3.493000E+3,-106.812000E-6,-490.192000E-6,492000
3.493000E+3,-53.406000E-6,-449.182000E-6,492500
3.493000E+3,30.517800E-6,-537.876000E-6,493000
3.492000E+3,76.294400E-6,-542.644000E-6,493500
3.492000E+3,68.665000E-6,-512.127000E-6,494000
3.492000E+3,0.000000E+0,-481.607000E-6,494500
3.491000E+3,-45.776600E-6,-507.358000E-6,495000
3.491000E+3,-91.553200E-6,-458.719000E-6,495500
3.491000E+3,-129.701000E-6,-484.468000E-6,496000
3.490000E+3,-30.517800E-6,-486.376000E-6,496500
3.490000E+3,-15.258900E-6,-498.775000E-6,497000
3.490000E+3,-129.701000E-6,-568.394000E-6,497500
3.489000E+3,-137.330000E-6,-598.911000E-6,498000
3.489000E+3,-53.406000E-6,-540.737000E-6,498500
3.489000E+3,-22.888300E-6,-472.071000E-6,499000
3.488000E+3,-68.665000E-6,-478.746000E-6,499500
3.488000E+3,-160.218000E-6,-464.441000E-6,500000
3.488000E+3,-297.548000E-6,-476.839000E-6,500500
3.487000E+3,-228.883000E-6,-452.043000E-6,501000
3.487000E+3,-190.736000E-6,-514.034000E-6,501500
3.487000E+3,-106.812000E-6,-443.460000E-6,502000
3.486000E+3,-122.071000E-6,-409.128000E-6,502500
3.486000E+3,-251.772000E-6,-418.665000E-6,503000
3.486000E+3,-274.660000E-6,-492.100000E-6,503500
3.485000E+3,-312.807000E-6,-497.822000E-6,504000
3.485000E+3,-198.365000E-6,-495.914000E-6,504500
3.485000E+3,-160.218000E-6,-424.387000E-6,505000
3.484000E+3,-99.182600E-6,-465.395000E-6,505500
3.484000E+3,68.665000E-6,-467.302000E-6,506000
3.484000E+3,53.406000E-6,-448.229000E-6,506500
3.484000E+3,-7.629450E-6,-379.564000E-6,507000
3.483000E+3,45.776600E-6,-323.297000E-6,507500
3.483000E+3,0.000000E+0,-361.444000E-6,508000
3.483000E+3,30.517800E-6,-329.020000E-6,508500
3.482000E+3,68.665000E-6,-331.881000E-6,509000
3.482000E+3,76.294400E-6,-343.325000E-6,509500
3.482000E+3,99.182600E-6,-281.336000E-6,510000
3.481000E+3,122.071000E-6,-227.929000E-6,510500
3.481000E+3,106.812000E-6,-334.742000E-6,511000
3.481000E+3,83.923800E-6,-351.908000E-6,511500
3.480000E+3,99.182600E-6,-368.120000E-6,512000
3.480000E+3,152.589000E-6,-443.460000E-6,512500
3.480000E+3,137.330000E-6,-406.267000E-6,513000
3.479000E+3,-7.629450E-6,-343.325000E-6,513500
3.479000E+3,-114.441000E-6,-272.753000E-6,514000
3.479000E+3,-167.848000E-6,-267.984000E-6,514500
3.478000E+3,-99.182600E-6,-244.142000E-6,515000
3.478000E+3,-7.629450E-6,-247.004000E-6,515500
3.478000E+3,-45.776600E-6,-376.703000E-6,516000
3.477000E+3,-144.959000E-6,-602.726000E-6,516500
3.477000E+3,-282.289000E-6,-525.478000E-6,517000
3.477000E+3,-282.289000E-6,-444.414000E-6,517500
3.476000E+3,-160.218000E-6,-581.745000E-6,518000
3.476000E+3,-106.812000E-6,-513.081000E-6,518500
3.476000E+3,-167.848000E-6,-392.916000E-6,519000
3.475000E+3,-183.106000E-6,-405.313000E-6,519500
3.475000E+3,-99.182600E-6,-458.719000E-6,520000
3.475000E+3,-61.035600E-6,-509.266000E-6,520500
3.475000E+3,-53.406000E-6,-574.116000E-6,521000
3.474000E+3,53.406000E-6,-555.996000E-6,521500
3.474000E+3,0.000000E+0,-518.803000E-6,522000
3.474000E+3,76.294400E-6,-427.248000E-6,522500
3.473000E+3,129.701000E-6,-391.008000E-6,523000
3.473000E+3,76.294400E-6,-368.120000E-6,523500
3.473000E+3,38.147200E-6,-391.008000E-6,524000
3.472000E+3,0.000000E+0,-280.382000E-6,524500
3.472000E+3,61.035600E-6,-216.485000E-6,525000
3.472000E+3,22.888300E-6,-302.317000E-6,525500
3.471000E+3,22.888300E-6,-415.804000E-6,526000
3.471000E+3,0.000000E+0,-414.850000E-6,526500
3.471000E+3,-99.182600E-6,-430.109000E-6,527000
3.470000E+3,-137.330000E-6,-391.008000E-6,527500
3.470000E+3,-137.330000E-6,-370.981000E-6,528000
3.470000E+3,-61.035600E-6,-374.796000E-6,528500
3.469000E+3,-53.406000E-6,-406.267000E-6,529000
3.469000E+3,-76.294400E-6,-423.433000E-6,529500
3.469000E+3,-83.923800E-6,-342.371000E-6,530000
3.469000E+3,-38.147200E-6,-117.302000E-6,530500
3.468000E+3,53.406000E-6,25.749300E-6,531000
3.468000E+3,83.923800E-6,-11.444200E-6,531500
3.468000E+3,0.000000E+0,-179.292000E-6,532000
3.467000E+3,-61.035600E-6,-346.186000E-6,532500
3.467000E+3,-76.294400E-6,-419.619000E-6,533000
3.467000E+3,-190.736000E-6,-480.654000E-6,533500
3.466000E+3,-274.660000E-6,-563.625000E-6,534000
3.466000E+3,-274.660000E-6,-589.374000E-6,534500
3.466000E+3,-312.807000E-6,-547.413000E-6,535000
3.465000E+3,-305.178000E-6,-452.043000E-6,535500
3.465000E+3,-160.218000E-6,-438.692000E-6,536000
3.465000E+3,-106.812000E-6,-403.406000E-6,536500
3.464000E+3,0.000000E+0,-253.679000E-6,537000
3.464000E+3,45.776600E-6,-202.180000E-6,537500
3.464000E+3,7.629450E-6,-342.371000E-6,538000
3.464000E+3,-68.665000E-6,-425.341000E-6,538500
3.463000E+3,-68.665000E-6,-463.488000E-6,539000
3.463000E+3,76.294400E-6,-554.089000E-6,539500
3.463000E+3,83.923800E-6,-558.857000E-6,540000
3.462000E+3,-83.923800E-6,-589.374000E-6,540500
3.462000E+3,-122.071000E-6,-576.023000E-6,541000
3.462000E+3,-38.147200E-6,-437.738000E-6,541500
3.461000E+3,-15.258900E-6,-308.039000E-6,542000
3.461000E+3,-106.812000E-6,-240.327000E-6,542500
3.461000E+3,-106.812000E-6,-277.521000E-6,543000
3.460000E+3,-91.553200E-6,-292.780000E-6,543500
3.460000E+3,-160.218000E-6,-312.807000E-6,544000
3.460000E+3,-183.106000E-6,-386.240000E-6,544500
3.460000E+3,-259.401000E-6,-391.008000E-6,545000
3.459000E+3,-267.031000E-6,-434.877000E-6,545500
3.459000E+3,-236.512000E-6,-314.714000E-6,546000
3.459000E+3,-160.218000E-6,-172.616000E-6,546500
3.458000E+3,-76.294400E-6,-234.605000E-6,547000
3.458000E+3,-83.923800E-6,-308.039000E-6,547500
3.458000E+3,-68.665000E-6,-370.027000E-6,548000
3.457000E+3,-144.959000E-6,-355.722000E-6,548500
3.457000E+3,-160.218000E-6,-348.093000E-6,549000
3.457000E+3,-61.035600E-6,-410.082000E-6,549500
3.456000E+3,-53.406000E-6,-366.213000E-6,550000
3.456000E+3,-99.182600E-6,-298.502000E-6,550500
3.456000E+3,-289.919000E-6,-338.556000E-6,551000
3.455000E+3,-328.066000E-6,-291.826000E-6,551500
3.455000E+3,-221.253000E-6,-222.207000E-6,552000
3.455000E+3,-221.253000E-6,-151.635000E-6,552500
3.454000E+3,-282.289000E-6,-168.801000E-6,553000
3.454000E+3,-267.031000E-6,-247.004000E-6,553500
3.454000E+3,-83.923800E-6,-267.984000E-6,554000
3.454000E+3,30.517800E-6,-235.558000E-6,554500
3.453000E+3,-30.517800E-6,-253.679000E-6,555000
3.453000E+3,-61.035600E-6,-343.325000E-6,555500
3.453000E+3,-7.629450E-6,-404.360000E-6,556000
3.452000E+3,-38.147200E-6,-419.619000E-6,556500
3.452000E+3,-53.406000E-6,-336.649000E-6,557000
3.452000E+3,-76.294400E-6,-246.050000E-6,557500
3.451000E+3,-38.147200E-6,-273.706000E-6,558000
3.451000E+3,53.406000E-6,-292.780000E-6,558500
3.451000E+3,0.000000E+0,-321.390000E-6,559000
3.450000E+3,-91.553200E-6,-250.818000E-6,559500
3.450000E+3,-137.330000E-6,-239.373000E-6,560000
3.450000E+3,-68.665000E-6,-278.475000E-6,560500
3.449000E+3,7.629450E-6,-368.120000E-6,561000
3.449000E+3,83.923800E-6,-353.815000E-6,561500
3.449000E+3,129.701000E-6,-303.270000E-6,562000
3.448000E+3,99.182600E-6,-287.058000E-6,562500
3.448000E+3,0.000000E+0,-308.039000E-6,563000
3.448000E+3,-106.812000E-6,-388.147000E-6,563500
3.448000E+3,-205.995000E-6,-440.599000E-6,564000
3.447000E+3,-221.253000E-6,-361.444000E-6,564500
3.447000E+3,-114.441000E-6,-324.251000E-6,565000
3.447000E+3,91.553200E-6,-339.510000E-6,565500
3.446000E+3,160.218000E-6,-369.074000E-6,566000
3.446000E+3,83.923800E-6,-414.850000E-6,566500
3.446000E+3,-53.406000E-6,-505.451000E-6,567000
3.445000E+3,-53.406000E-6,-496.868000E-6,567500
3.445000E+3,-114.441000E-6,-515.942000E-6,568000
3.445000E+3,-129.701000E-6,-507.358000E-6,568500
3.444000E+3,-160.218000E-6,-425.341000E-6,569000
3.444000E+3,-68.665000E-6,-292.780000E-6,569500
3.444000E+3,38.147200E-6,-202.180000E-6,570000
3.443000E+3,-99.182600E-6,-219.346000E-6,570500
3.443000E+3,-137.330000E-6,-312.807000E-6,571000
3.443000E+3,-144.959000E-6,-376.703000E-6,571500
3.442000E+3,-198.365000E-6,-412.943000E-6,572000
3.442000E+3,-144.959000E-6,-486.376000E-6,572500
3.442000E+3,-45.776600E-6,-444.414000E-6,573000
3.441000E+3,22.888300E-6,-332.834000E-6,573500
3.441000E+3,-7.629450E-6,-321.390000E-6,574000
3.441000E+3,-76.294400E-6,-279.428000E-6,574500
3.441000E+3,-99.182600E-6,-324.251000E-6,575000
3.440000E+3,-122.071000E-6,-331.881000E-6,575500
3.440000E+3,-160.218000E-6,-343.325000E-6,576000
3.440000E+3,-213.624000E-6,-367.166000E-6,576500
3.439000E+3,-129.701000E-6,-399.591000E-6,577000
3.439000E+3,-99.182600E-6,-286.104000E-6,577500
3.439000E+3,-144.959000E-6,-244.142000E-6,578000
3.438000E+3,-152.589000E-6,-288.012000E-6,578500
3.438000E+3,-106.812000E-6,-391.962000E-6,579000
3.438000E+3,-53.406000E-6,-476.839000E-6,579500
3.437000E+3,-68.665000E-6,-473.978000E-6,580000
3.437000E+3,-122.071000E-6,-511.173000E-6,580500
3.437000E+3,-175.477000E-6,-501.636000E-6,581000
3.436000E+3,-251.772000E-6,-414.850000E-6,581500
3.436000E+3,-213.624000E-6,-439.646000E-6,582000
3.436000E+3,-106.812000E-6,-439.646000E-6,582500
3.436000E+3,-106.812000E-6,-376.703000E-6,583000
3.435000E+3,-106.812000E-6,-399.591000E-6,583500
3.435000E+3,30.517800E-6,-469.210000E-6,584000
3.434000E+3,122.071000E-6,-576.023000E-6,584500
3.434000E+3,99.182600E-6,-479.700000E-6,585000
3.434000E+3,-53.406000E-6,-287.058000E-6,585500
3.434000E+3,-152.589000E-6,-240.327000E-6,586000
3.433000E+3,-129.701000E-6,-226.022000E-6,586500
3.433000E+3,-106.812000E-6,-257.494000E-6,587000
3.433000E+3,0.000000E+0,-312.807000E-6,587500
3.432000E+3,-61.035600E-6,-395.777000E-6,588000
3.432000E+3,-144.959000E-6,-528.339000E-6,588500
3.432000E+3,-68.665000E-6,-523.571000E-6,589000
3.431000E+3,0.000000E+0,-400.545000E-6,589500
3.431000E+3,45.776600E-6,-386.240000E-6,590000
3.431000E+3,-53.406000E-6,-532.154000E-6,590500
3.430000E+3,-91.553200E-6,-525.478000E-6,591000
3.430000E+3,-99.182600E-6,-290.873000E-6,591500
3.430000E+3,-61.035600E-6,-215.531000E-6,592000
3.430000E+3,-122.071000E-6,-246.050000E-6,592500
3.429000E+3,-160.218000E-6,-373.842000E-6,593000
3.429000E+3,-122.071000E-6,-468.256000E-6,593500
3.429000E+3,-68.665000E-6,-567.440000E-6,594000
3.428000E+3,0.000000E+0,-530.247000E-6,594500
3.428000E+3,30.517800E-6,-456.812000E-6,595000
3.428000E+3,-15.258900E-6,-443.460000E-6,595500
3.427000E+3,7.629450E-6,-388.147000E-6,596000
3.427000E+3,0.000000E+0,-361.444000E-6,596500
3.427000E+3,-106.812000E-6,-290.873000E-6,597000
3.426000E+3,-213.624000E-6,-243.188000E-6,597500
3.426000E+3,-175.477000E-6,-257.494000E-6,598000
3.426000E+3,-7.629450E-6,-383.379000E-6,598500
3.425000E+3,129.701000E-6,-563.625000E-6,599000
3.425000E+3,53.406000E-6,-535.015000E-6,599500
3.425000E+3,7.629450E-6,-485.422000E-6,600000
3.424000E+3,-22.888300E-6,-461.580000E-6,600500
3.424000E+3,-61.035600E-6,-367.166000E-6,601000
3.424000E+3,-175.477000E-6,-339.510000E-6,601500
3.423000E+3,-198.365000E-6,-363.352000E-6,602000
3.423000E+3,-160.218000E-6,-322.344000E-6,602500
3.423000E+3,-190.736000E-6,-347.139000E-6,603000
3.422000E+3,-122.071000E-6,-303.270000E-6,603500
3.422000E+3,-91.553200E-6,-291.826000E-6,604000
3.422000E+3,-61.035600E-6,-407.221000E-6,604500
3.421000E+3,-167.848000E-6,-476.839000E-6,605000
3.421000E+3,-137.330000E-6,-420.572000E-6,605500
3.421000E+3,-183.106000E-6,-354.769000E-6,606000
3.420000E+3,-190.736000E-6,-386.240000E-6,606500
3.420000E+3,-45.776600E-6,-452.043000E-6,607000
3.420000E+3,15.258900E-6,-419.619000E-6,607500
3.420000E+3,-45.776600E-6,-330.927000E-6,608000
3.419000E+3,-91.553200E-6,-258.448000E-6,608500
3.419000E+3,-144.959000E-6,-290.873000E-6,609000
3.419000E+3,-122.071000E-6,-264.170000E-6,609500
3.418000E+3,-45.776600E-6,-238.420000E-6,610000
3.418000E+3,15.258900E-6,-152.589000E-6,610500
3.418000E+3,-83.923800E-6,-226.975000E-6,611000
3.417000E+3,-198.365000E-6,-301.363000E-6,611500
3.417000E+3,-183.106000E-6,-371.935000E-6,612000
3.417000E+3,-76.294400E-6,-473.024000E-6,612500
3.416000E+3,-106.812000E-6,-480.654000E-6,613000
3.416000E+3,-152.589000E-6,-446.321000E-6,613500
3.416000E+3,-144.959000E-6,-418.665000E-6,614000
3.415000E+3,0.000000E+0,-419.619000E-6,614500
3.415000E+3,122.071000E-6,-481.607000E-6,615000
3.415000E+3,99.182600E-6,-578.884000E-6,615500
3.414000E+3,-83.923800E-6,-529.293000E-6,616000
3.414000E+3,-129.701000E-6,-339.510000E-6,616500
3.414000E+3,-53.406000E-6,-281.336000E-6,617000
3.413000E+3,-53.406000E-6,-326.158000E-6,617500
3.413000E+3,-221.253000E-6,-334.742000E-6,618000
3.413000E+3,-518.803000E-6,-276.567000E-6,618500
3.413000E+3,-534.061000E-6,-273.706000E-6,619000
3.412000E+3,-572.208000E-6,-284.197000E-6,619500
3.412000E+3,-541.691000E-6,-199.319000E-6,620000
3.412000E+3,-389.101000E-6,-223.161000E-6,620500
3.411000E+3,0.000000E+0,-403.406000E-6,621000
3.411000E+3,457.766000E-6,-473.978000E-6,621500
3.411000E+3,534.061000E-6,-595.096000E-6,622000
3.410000E+3,320.436000E-6,-624.660000E-6,622500
3.410000E+3,205.995000E-6,-573.162000E-6,623000
3.410000E+3,91.553200E-6,-391.962000E-6,623500
3.409000E+3,-15.258900E-6,-366.213000E-6,624000
3.409000E+3,-45.776600E-6,-382.425000E-6,624500
3.409000E+3,-53.406000E-6,-398.638000E-6,625000
3.408000E+3,-22.888300E-6,-437.738000E-6,625500
3.408000E+3,-38.147200E-6,-498.775000E-6,626000
3.408000E+3,-45.776600E-6,-608.448000E-6,626500
3.407000E+3,-7.629450E-6,-535.015000E-6,627000
3.407000E+3,45.776600E-6,-365.259000E-6,627500
3.407000E+3,-53.406000E-6,-279.428000E-6,628000
3.406000E+3,-122.071000E-6,-258.448000E-6,628500
3.406000E+3,-167.848000E-6,-258.448000E-6,629000
3.406000E+3,-137.330000E-6,-340.464000E-6,629500
3.405000E+3,-38.147200E-6,-407.221000E-6,630000
3.405000E+3,0.000000E+0,-456.812000E-6,630500
3.405000E+3,-106.812000E-6,-333.788000E-6,631000
3.404000E+3,-99.182600E-6,-265.123000E-6,631500
3.404000E+3,-7.629450E-6,-356.676000E-6,632000
3.404000E+3,76.294400E-6,-451.090000E-6,632500
3.404000E+3,91.553200E-6,-555.996000E-6,633000
3.403000E+3,7.629450E-6,-559.811000E-6,633500
3.403000E+3,-129.701000E-6,-534.061000E-6,634000
3.403000E+3,-106.812000E-6,-434.877000E-6,634500
3.402000E+3,-91.553200E-6,-427.248000E-6,635000
3.402000E+3,-53.406000E-6,-445.368000E-6,635500
3.402000E+3,0.000000E+0,-411.035000E-6,636000
3.401000E+3,30.517800E-6,-357.630000E-6,636500
3.401000E+3,22.888300E-6,-348.093000E-6,637000
3.401000E+3,-137.330000E-6,-363.352000E-6,637500
3.400000E+3,-228.883000E-6,-376.703000E-6,638000
3.400000E+3,-106.812000E-6,-388.147000E-6,638500
3.400000E+3,61.035600E-6,-379.564000E-6,639000
3.399000E+3,91.553200E-6,-398.638000E-6,639500
3.399000E+3,-7.629450E-6,-365.259000E-6,640000
3.399000E+3,-76.294400E-6,-355.722000E-6,640500
3.398000E+3,-160.218000E-6,-451.090000E-6,641000
3.398000E+3,-297.548000E-6,-540.737000E-6,641500
3.398000E+3,-343.325000E-6,-535.015000E-6,642000
3.397000E+3,-236.512000E-6,-386.240000E-6,642500
3.397000E+3,-122.071000E-6,-216.485000E-6,643000
3.397000E+3,-38.147200E-6,-195.504000E-6,643500
3.396000E+3,-53.406000E-6,-280.382000E-6,644000
3.396000E+3,-99.182600E-6,-354.769000E-6,644500
3.396000E+3,-30.517800E-6,-297.548000E-6,645000
3.395000E+3,76.294400E-6,-349.047000E-6,645500
3.395000E+3,83.923800E-6,-458.719000E-6,646000
3.395000E+3,91.553200E-6,-526.432000E-6,646500
3.394000E+3,114.441000E-6,-567.440000E-6,647000
3.394000E+3,7.629450E-6,-462.534000E-6,647500
3.394000E+3,-83.923800E-6,-289.919000E-6,648000
3.394000E+3,45.776600E-6,-180.245000E-6,648500
3.393000E+3,114.441000E-6,-175.477000E-6,649000
3.393000E+3,15.258900E-6,-224.114000E-6,649500
3.393000E+3,-83.923800E-6,-344.278000E-6,650000
3.392000E+3,-91.553200E-6,-455.858000E-6,650500
3.392000E+3,-122.071000E-6,-453.951000E-6,651000
3.392000E+3,-160.218000E-6,-514.034000E-6,651500
3.391000E+3,-167.848000E-6,-456.812000E-6,652000
3.391000E+3,-221.253000E-6,-428.202000E-6,652500
3.391000E+3,-198.365000E-6,-469.210000E-6,653000
3.390000E+3,-213.624000E-6,-511.173000E-6,653500
3.390000E+3,-68.665000E-6,-474.932000E-6,654000
3.390000E+3,15.258900E-6,-348.093000E-6,654500
3.389000E+3,53.406000E-6,-348.093000E-6,655000
3.389000E+3,53.406000E-6,-432.970000E-6,655500
3.389000E+3,0.000000E+0,-342.371000E-6,656000
3.388000E+3,-61.035600E-6,-257.494000E-6,656500
3.388000E+3,45.776600E-6,-281.336000E-6,657000
3.388000E+3,0.000000E+0,-178.338000E-6,657500
3.387000E+3,-53.406000E-6,-175.477000E-6,658000
3.387000E+3,-68.665000E-6,-204.087000E-6,658500
3.387000E+3,-7.629450E-6,-336.649000E-6,659000
3.386000E+3,45.776600E-6,-537.876000E-6,659500
3.386000E+3,83.923800E-6,-604.633000E-6,660000
3.386000E+3,-7.629450E-6,-529.293000E-6,660500
3.385000E+3,0.000000E+0,-533.108000E-6,661000
3.385000E+3,-30.517800E-6,-431.063000E-6,661500
3.385000E+3,7.629450E-6,-299.456000E-6,662000
3.385000E+3,137.330000E-6,-212.670000E-6,662500
3.384000E+3,183.106000E-6,-210.763000E-6,663000
3.384000E+3,91.553200E-6,-308.992000E-6,663500
3.384000E+3,7.629450E-6,-478.746000E-6,664000
3.383000E+3,-61.035600E-6,-565.533000E-6,664500
3.383000E+3,-129.701000E-6,-537.876000E-6,665000
3.383000E+3,-53.406000E-6,-486.376000E-6,665500
3.382000E+3,22.888300E-6,-445.368000E-6,666000
3.382000E+3,-53.406000E-6,-412.943000E-6,666500
3.382000E+3,-106.812000E-6,-433.924000E-6,667000
3.381000E+3,-129.701000E-6,-420.572000E-6,667500
3.381000E+3,-91.553200E-6,-470.163000E-6,668000
3.381000E+3,-15.258900E-6,-462.534000E-6,668500
3.380000E+3,0.000000E+0,-461.580000E-6,669000
3.380000E+3,-144.959000E-6,-446.321000E-6,669500
3.380000E+3,-267.031000E-6,-437.738000E-6,670000
3.379000E+3,-236.512000E-6,-292.780000E-6,670500
3.379000E+3,-137.330000E-6,-265.123000E-6,671000
3.379000E+3,-53.406000E-6,-276.567000E-6,671500
3.378000E+3,0.000000E+0,-300.409000E-6,672000
3.378000E+3,38.147200E-6,-340.464000E-6,672500
3.378000E+3,-99.182600E-6,-380.518000E-6,673000
3.377000E+3,-328.066000E-6,-315.668000E-6,673500
3.377000E+3,-389.101000E-6,-297.548000E-6,674000
3.377000E+3,-320.436000E-6,-338.556000E-6,674500
3.377000E+3,-205.995000E-6,-421.526000E-6,675000
3.376000E+3,-106.812000E-6,-366.213000E-6,675500
3.376000E+3,-99.182600E-6,-298.502000E-6,676000
3.376000E+3,-114.441000E-6,-267.984000E-6,676500
3.375000E+3,-175.477000E-6,-229.836000E-6,677000
3.375000E+3,-183.106000E-6,-332.834000E-6,677500
3.375000E+3,-198.365000E-6,-405.313000E-6,678000
3.374000E+3,-267.031000E-6,-381.472000E-6,678500
3.374000E+3,-289.919000E-6,-307.085000E-6,679000
3.374000E+3,-267.031000E-6,-250.818000E-6,679500
3.373000E+3,-160.218000E-6,-192.643000E-6,680000
3.373000E+3,-160.218000E-6,-264.170000E-6,680500
3.373000E+3,-167.848000E-6,-391.008000E-6,681000
3.372000E+3,-114.441000E-6,-425.341000E-6,681500
3.372000E+3,0.000000E+0,-399.591000E-6,682000
3.372000E+3,7.629450E-6,-426.294000E-6,682500
3.371000E+3,-22.888300E-6,-357.630000E-6,683000
3.371000E+3,-61.035600E-6,-290.873000E-6,683500
3.371000E+3,-91.553200E-6,-367.166000E-6,684000
3.370000E+3,-144.959000E-6,-369.074000E-6,684500
3.370000E+3,-175.477000E-6,-393.869000E-6,685000
3.370000E+3,-83.923800E-6,-396.730000E-6,685500
3.369000E+3,30.517800E-6,-367.166000E-6,686000
3.369000E+3,-15.258900E-6,-356.676000E-6,686500
3.369000E+3,-114.441000E-6,-408.174000E-6,687000
3.368000E+3,-53.406000E-6,-448.229000E-6,687500
3.368000E+3,22.888300E-6,-503.544000E-6,688000
3.368000E+3,7.629450E-6,-492.100000E-6,688500
3.368000E+3,38.147200E-6,-362.398000E-6,689000
3.367000E+3,-53.406000E-6,-432.016000E-6,689500
3.367000E+3,-122.071000E-6,-590.328000E-6,690000
3.367000E+3,-45.776600E-6,-547.413000E-6,690500
3.366000E+3,83.923800E-6,-414.850000E-6,691000
3.366000E+3,99.182600E-6,-446.321000E-6,691500
3.366000E+3,-53.406000E-6,-454.905000E-6,692000
3.365000E+3,-137.330000E-6,-505.451000E-6,692500
3.365000E+3,-91.553200E-6,-496.868000E-6,693000
3.365000E+3,0.000000E+0,-355.722000E-6,693500
3.364000E+3,-15.258900E-6,-367.166000E-6,694000
3.364000E+3,-106.812000E-6,-288.012000E-6,694500
3.364000E+3,-53.406000E-6,-205.995000E-6,695000
3.363000E+3,7.629450E-6,-162.126000E-6,695500
3.363000E+3,-30.517800E-6,-305.178000E-6,696000
3.363000E+3,0.000000E+0,-418.665000E-6,696500
3.362000E+3,129.701000E-6,-343.325000E-6,697000
3.362000E+3,76.294400E-6,-326.158000E-6,697500
3.362000E+3,-15.258900E-6,-407.221000E-6,698000
3.361000E+3,53.406000E-6,-536.922000E-6,698500
3.361000E+3,106.812000E-6,-498.775000E-6,699000
3.361000E+3,83.923800E-6,-469.210000E-6,699500
3.360000E+3,-53.406000E-6,-441.553000E-6,700000
3.360000E+3,-53.406000E-6,-422.480000E-6,700500
3.360000E+3,-61.035600E-6,-396.730000E-6,701000
3.359000E+3,-137.330000E-6,-341.417000E-6,701500
3.359000E+3,-144.959000E-6,-324.251000E-6,702000
3.359000E+3,-99.182600E-6,-456.812000E-6,702500
3.358000E+3,-99.182600E-6,-500.683000E-6,703000
3.358000E+3,-7.629450E-6,-506.405000E-6,703500
3.358000E+3,53.406000E-6,-510.219000E-6,704000
3.357000E+3,61.035600E-6,-542.644000E-6,704500
3.357000E+3,106.812000E-6,-451.090000E-6,705000
3.357000E+3,99.182600E-6,-414.850000E-6,705500
3.357000E+3,38.147200E-6,-419.619000E-6,706000
3.356000E+3,-114.441000E-6,-415.804000E-6,706500
3.356000E+3,-198.365000E-6,-454.905000E-6,707000
3.356000E+3,-137.330000E-6,-478.746000E-6,707500
3.355000E+3,-137.330000E-6,-368.120000E-6,708000
3.355000E+3,-106.812000E-6,-221.253000E-6,708500
3.355000E+3,-53.406000E-6,-244.142000E-6,709000
3.354000E+3,-83.923800E-6,-282.289000E-6,709500
3.354000E+3,-213.624000E-6,-297.548000E-6,710000
3.354000E+3,-221.253000E-6,-370.027000E-6,710500
3.353000E+3,-152.589000E-6,-428.202000E-6,711000
3.353000E+3,-22.888300E-6,-410.082000E-6,711500
3.353000E+3,7.629450E-6,-456.812000E-6,712000
3.352000E+3,-106.812000E-6,-517.849000E-6,712500
3.352000E+3,-68.665000E-6,-537.876000E-6,713000
3.352000E+3,-137.330000E-6,-558.857000E-6,713500
3.351000E+3,-175.477000E-6,-589.374000E-6,714000
3.351000E+3,-183.106000E-6,-630.382000E-6,714500
3.351000E+3,-144.959000E-6,-597.958000E-6,715000
3.350000E+3,61.035600E-6,-510.219000E-6,715500
3.350000E+3,122.071000E-6,-569.347000E-6,716000
3.350000E+3,99.182600E-6,-547.413000E-6,716500
3.349000E+3,83.923800E-6,-486.376000E-6,717000
3.349000E+3,83.923800E-6,-508.312000E-6,717500
3.349000E+3,30.517800E-6,-516.895000E-6,718000
3.348000E+3,0.000000E+0,-474.932000E-6,718500
3.348000E+3,-61.035600E-6,-458.719000E-6,719000
3.348000E+3,-53.406000E-6,-436.785000E-6,719500
3.347000E+3,-22.888300E-6,-469.210000E-6,720000
3.347000E+3,-45.776600E-6,-490.192000E-6,720500
3.347000E+3,15.258900E-6,-454.905000E-6,721000
3.347000E+3,22.888300E-6,-401.499000E-6,721500
3.346000E+3,-83.923800E-6,-428.202000E-6,722000
3.346000E+3,-244.142000E-6,-538.830000E-6,722500
3.346000E+3,-205.995000E-6,-500.683000E-6,723000
3.345000E+3,-76.294400E-6,-445.368000E-6,723500
3.345000E+3,61.035600E-6,-460.627000E-6,724000
3.345000E+3,190.736000E-6,-419.619000E-6,724500
3.344000E+3,137.330000E-6,-330.927000E-6,725000
3.344000E+3,22.888300E-6,-288.012000E-6,725500
3.344000E+3,-106.812000E-6,-351.908000E-6,726000
3.343000E+3,-15.258900E-6,-320.436000E-6,726500
3.343000E+3,38.147200E-6,-249.865000E-6,727000
3.343000E+3,106.812000E-6,-280.382000E-6,727500
3.342000E+3,144.959000E-6,-345.232000E-6,728000
3.342000E+3,45.776600E-6,-445.368000E-6,728500
3.342000E+3,-99.182600E-6,-558.857000E-6,729000
3.341000E+3,-53.406000E-6,-572.208000E-6,729500
3.341000E+3,0.000000E+0,-456.812000E-6,730000
3.341000E+3,-45.776600E-6,-382.425000E-6,730500
3.340000E+3,-45.776600E-6,-430.109000E-6,731000
3.340000E+3,15.258900E-6,-590.328000E-6,731500
3.340000E+3,99.182600E-6,-620.846000E-6,732000
3.339000E+3,129.701000E-6,-513.081000E-6,732500
3.339000E+3,106.812000E-6,-390.055000E-6,733000
3.339000E+3,22.888300E-6,-327.112000E-6,733500
3.338000E+3,-53.406000E-6,-475.885000E-6,734000
3.338000E+3,0.000000E+0,-591.282000E-6,734500
3.338000E+3,83.923800E-6,-524.525000E-6,735000
3.337000E+3,76.294400E-6,-523.571000E-6,735500
3.337000E+3,0.000000E+0,-411.989000E-6,736000
3.337000E+3,-175.477000E-6,-343.325000E-6,736500
3.336000E+3,-213.624000E-6,-469.210000E-6,737000
3.336000E+3,-129.701000E-6,-505.451000E-6,737500
3.336000E+3,-83.923800E-6,-522.617000E-6,738000
3.335000E+3,-106.812000E-6,-505.451000E-6,738500
3.335000E+3,-106.812000E-6,-374.796000E-6,739000
3.335000E+3,15.258900E-6,-384.333000E-6,739500
3.335000E+3,129.701000E-6,-357.630000E-6,740000
3.334000E+3,7.629450E-6,-345.232000E-6,740500
3.334000E+3,-15.258900E-6,-279.428000E-6,741000
3.334000E+3,38.147200E-6,-277.521000E-6,741500
3.333000E+3,-38.147200E-6,-270.845000E-6,742000
3.333000E+3,-129.701000E-6,-258.448000E-6,742500
3.332000E+3,-236.512000E-6,-334.742000E-6,743000
3.332000E+3,-259.401000E-6,-357.630000E-6,743500
3.332000E+3,-106.812000E-6,-402.452000E-6,744000
3.332000E+3,-61.035600E-6,-523.571000E-6,744500
3.331000E+3,-160.218000E-6,-597.004000E-6,745000
3.331000E+3,-236.512000E-6,-650.410000E-6,745500
3.331000E+3,-427.248000E-6,-503.544000E-6,746000
3.330000E+3,-617.985000E-6,-480.654000E-6,746500
3.330000E+3,-671.390000E-6,-455.858000E-6,747000
3.330000E+3,-480.654000E-6,-308.039000E-6,747500
3.329000E+3,-160.218000E-6,-256.540000E-6,748000
3.329000E+3,106.812000E-6,-266.077000E-6,748500
3.329000E+3,328.066000E-6,-207.902000E-6,749000
3.328000E+3,526.432000E-6,-197.412000E-6,749500
3.328000E+3,465.395000E-6,-383.379000E-6,750000
3.328000E+3,297.548000E-6,-524.525000E-6,750500
3.327000E+3,183.106000E-6,-494.007000E-6,751000
3.327000E+3,83.923800E-6,-517.849000E-6,751500
3.327000E+3,15.258900E-6,-541.691000E-6,752000
3.326000E+3,91.553200E-6,-526.432000E-6,752500
3.326000E+3,122.071000E-6,-416.758000E-6,753000
3.326000E+3,0.000000E+0,-428.202000E-6,753500
3.325000E+3,-144.959000E-6,-402.452000E-6,754000
3.325000E+3,-198.365000E-6,-322.344000E-6,754500
3.325000E+3,-160.218000E-6,-356.676000E-6,755000
3.324000E+3,-38.147200E-6,-507.358000E-6,755500
3.324000E+3,160.218000E-6,-470.163000E-6,756000
3.324000E+3,152.589000E-6,-215.531000E-6,756500
3.323000E+3,61.035600E-6,-103.951000E-6,757000
3.323000E+3,-122.071000E-6,-162.126000E-6,757500
3.323000E+3,-190.736000E-6,-302.317000E-6,758000
3.322000E+3,-91.553200E-6,-454.905000E-6,758500
3.322000E+3,-61.035600E-6,-505.451000E-6,759000
3.322000E+3,-83.923800E-6,-396.730000E-6,759500
3.321000E+3,-190.736000E-6,-425.341000E-6,760000
3.321000E+3,-213.624000E-6,-528.339000E-6,760500
3.321000E+3,-160.218000E-6,-448.229000E-6,761000
3.320000E+3,-152.589000E-6,-438.692000E-6,761500
3.320000E+3,-22.888300E-6,-509.266000E-6,762000
3.320000E+3,0.000000E+0,-482.561000E-6,762500
3.319000E+3,15.258900E-6,-416.758000E-6,763000
3.319000E+3,106.812000E-6,-370.027000E-6,763500
3.319000E+3,76.294400E-6,-275.614000E-6,764000
3.318000E+3,7.629450E-6,-303.270000E-6,764500
3.318000E+3,-30.517800E-6,-437.738000E-6,765000
3.318000E+3,-106.812000E-6,-454.905000E-6,765500
3.317000E+3,-137.330000E-6,-436.785000E-6,766000
3.317000E+3,-83.923800E-6,-516.895000E-6,766500
3.317000E+3,-137.330000E-6,-595.096000E-6,767000
3.317000E+3,-68.665000E-6,-604.633000E-6,767500
3.316000E+3,53.406000E-6,-507.358000E-6,768000
3.316000E+3,0.000000E+0,-356.676000E-6,768500
3.316000E+3,-53.406000E-6,-292.780000E-6,769000
3.315000E+3,-122.071000E-6,-347.139000E-6,769500
3.315000E+3,-83.923800E-6,-405.313000E-6,770000
3.315000E+3,-99.182600E-6,-361.444000E-6,770500
3.314000E+3,-167.848000E-6,-246.050000E-6,771000
3.314000E+3,-122.071000E-6,-265.123000E-6,771500
3.314000E+3,-30.517800E-6,-379.564000E-6,772000
3.313000E+3,22.888300E-6,-497.822000E-6,772500
3.313000E+3,15.258900E-6,-391.008000E-6,773000
3.313000E+3,-99.182600E-6,-210.763000E-6,773500
3.312000E+3,-45.776600E-6,-173.570000E-6,774000
3.312000E+3,0.000000E+0,-265.123000E-6,774500
3.312000E+3,30.517800E-6,-333.788000E-6,775000
3.311000E+3,15.258900E-6,-396.730000E-6,775500
3.311000E+3,-61.035600E-6,-368.120000E-6,776000
3.311000E+3,22.888300E-6,-265.123000E-6,776500
3.310000E+3,144.959000E-6,-270.845000E-6,777000
3.310000E+3,144.959000E-6,-316.622000E-6,777500
3.310000E+3,99.182600E-6,-432.016000E-6,778000
3.309000E+3,53.406000E-6,-463.488000E-6,778500
3.309000E+3,38.147200E-6,-466.349000E-6,779000
3.309000E+3,106.812000E-6,-403.406000E-6,779500
3.308000E+3,83.923800E-6,-279.428000E-6,780000
3.308000E+3,0.000000E+0,-274.660000E-6,780500
3.308000E+3,-106.812000E-6,-337.603000E-6,781000
3.307000E+3,-213.624000E-6,-370.027000E-6,781500
3.307000E+3,-228.883000E-6,-375.750000E-6,782000
3.307000E+3,-221.253000E-6,-366.213000E-6,782500
3.306000E+3,-61.035600E-6,-401.499000E-6,783000
3.306000E+3,0.000000E+0,-317.575000E-6,783500
3.306000E+3,-45.776600E-6,-263.216000E-6,784000
3.305000E+3,-160.218000E-6,-258.448000E-6,784500
3.305000E+3,-144.959000E-6,-299.456000E-6,785000
3.305000E+3,-106.812000E-6,-346.186000E-6,785500
3.304000E+3,-167.848000E-6,-386.240000E-6,786000
3.304000E+3,-205.995000E-6,-298.502000E-6,786500
3.304000E+3,-282.289000E-6,-305.178000E-6,787000
3.303000E+3,-267.031000E-6,-332.834000E-6,787500
3.303000E+3,-175.477000E-6,-335.695000E-6,788000
3.303000E+3,-53.406000E-6,-310.900000E-6,788500
3.303000E+3,15.258900E-6,-267.031000E-6,789000
3.302000E+3,7.629450E-6,-304.224000E-6,789500
3.302000E+3,7.629450E-6,-289.919000E-6,790000
3.301000E+3,-53.406000E-6,-338.556000E-6,790500
3.301000E+3,-106.812000E-6,-393.869000E-6,791000
3.301000E+3,-137.330000E-6,-377.657000E-6,791500
3.301000E+3,-160.218000E-6,-307.085000E-6,792000
3.300000E+3,-282.289000E-6,-276.567000E-6,792500
3.300000E+3,-274.660000E-6,-281.336000E-6,793000
3.300000E+3,-129.701000E-6,-330.927000E-6,793500
3.299000E+3,30.517800E-6,-443.460000E-6,794000
3.299000E+3,68.665000E-6,-510.219000E-6,794500
3.299000E+3,99.182600E-6,-586.513000E-6,795000
3.298000E+3,122.071000E-6,-615.124000E-6,795500
3.298000E+3,0.000000E+0,-627.521000E-6,796000
3.298000E+3,22.888300E-6,-541.691000E-6,796500
3.297000E+3,53.406000E-6,-410.082000E-6,797000
3.297000E+3,38.147200E-6,-306.131000E-6,797500
3.297000E+3,76.294400E-6,-310.900000E-6,798000
3.296000E+3,7.629450E-6,-326.158000E-6,798500
3.296000E+3,-221.253000E-6,-403.406000E-6,799000
3.296000E+3,-236.512000E-6,-454.905000E-6,799500
3.295000E+3,-114.441000E-6,-418.665000E-6,800000
3.295000E+3,-68.665000E-6,-324.251000E-6,800500
3.295000E+3,-45.776600E-6,-222.207000E-6,801000
3.294000E+3,-106.812000E-6,-205.041000E-6,801500
3.294000E+3,-160.218000E-6,-196.458000E-6,802000
3.294000E+3,-76.294400E-6,-171.662000E-6,802500
3.293000E+3,-91.553200E-6,-159.265000E-6,803000
3.293000E+3,-144.959000E-6,-216.485000E-6,803500
3.293000E+3,-160.218000E-6,-346.186000E-6,804000
3.292000E+3,-205.995000E-6,-290.873000E-6,804500
3.292000E+3,-106.812000E-6,-328.066000E-6,805000
3.292000E+3,-30.517800E-6,-434.877000E-6,805500
3.291000E+3,-106.812000E-6,-583.652000E-6,806000
3.291000E+3,-236.512000E-6,-611.309000E-6,806500
3.291000E+3,-320.436000E-6,-501.636000E-6,807000
3.290000E+3,-259.401000E-6,-445.368000E-6,807500
3.290000E+3,-99.182600E-6,-458.719000E-6,808000
3.290000E+3,0.000000E+0,-447.275000E-6,808500
3.289000E+3,0.000000E+0,-383.379000E-6,809000
3.289000E+3,-83.923800E-6,-314.714000E-6,809500
3.289000E+3,-259.401000E-6,-331.881000E-6,810000
3.289000E+3,-274.660000E-6,-343.325000E-6,810500
3.288000E+3,-251.772000E-6,-343.325000E-6,811000
3.288000E+3,-251.772000E-6,-385.286000E-6,811500
3.288000E+3,-221.253000E-6,-489.239000E-6,812000
3.287000E+3,-76.294400E-6,-481.607000E-6,812500
3.287000E+3,38.147200E-6,-358.583000E-6,813000
3.287000E+3,68.665000E-6,-317.575000E-6,813500
3.286000E+3,22.888300E-6,-257.494000E-6,814000
3.286000E+3,-45.776600E-6,-303.270000E-6,814500
3.286000E+3,22.888300E-6,-349.047000E-6,815000
3.285000E+3,-22.888300E-6,-383.379000E-6,815500
3.285000E+3,-114.441000E-6,-391.008000E-6,816000
3.285000E+3,-76.294400E-6,-345.232000E-6,816500
3.284000E+3,-53.406000E-6,-385.286000E-6,817000
3.284000E+3,106.812000E-6,-527.386000E-6,817500
3.284000E+3,213.624000E-6,-580.791000E-6,818000
3.283000E+3,122.071000E-6,-478.746000E-6,818500
3.283000E+3,30.517800E-6,-317.575000E-6,819000
3.283000E+3,91.553200E-6,-258.448000E-6,819500
3.282000E+3,68.665000E-6,-216.485000E-6,820000
3.282000E+3,-45.776600E-6,-94.414200E-6,820500
3.282000E+3,-114.441000E-6,-195.504000E-6,821000
3.281000E+3,-144.959000E-6,-251.772000E-6,821500
3.281000E+3,-144.959000E-6,-261.309000E-6,822000
3.281000E+3,-144.959000E-6,-288.012000E-6,822500
3.280000E+3,-167.848000E-6,-386.240000E-6,823000
3.280000E+3,-76.294400E-6,-452.043000E-6,823500
3.280000E+3,15.258900E-6,-421.526000E-6,824000
3.279000E+3,-7.629450E-6,-415.804000E-6,824500
3.279000E+3,-38.147200E-6,-422.480000E-6,825000
3.279000E+3,-15.258900E-6,-386.240000E-6,825500
3.278000E+3,-114.441000E-6,-436.785000E-6,826000
3.278000E+3,-259.401000E-6,-420.572000E-6,826500
3.278000E+3,-251.772000E-6,-329.020000E-6,827000
3.277000E+3,-236.512000E-6,-263.216000E-6,827500
3.277000E+3,-160.218000E-6,-299.456000E-6,828000
3.277000E+3,-61.035600E-6,-370.027000E-6,828500
3.276000E+3,-61.035600E-6,-455.858000E-6,829000
3.276000E+3,-30.517800E-6,-535.015000E-6,829500
3.276000E+3,-38.147200E-6,-495.914000E-6,830000
3.276000E+3,-61.035600E-6,-346.186000E-6,830500
3.275000E+3,7.629450E-6,-264.170000E-6,831000
3.275000E+3,7.629450E-6,-265.123000E-6,831500
3.275000E+3,-38.147200E-6,-315.668000E-6,832000
3.274000E+3,-228.883000E-6,-313.761000E-6,832500
3.274000E+3,-320.436000E-6,-349.047000E-6,833000
3.274000E+3,-228.883000E-6,-334.742000E-6,833500
3.273000E+3,-152.589000E-6,-317.575000E-6,834000
3.273000E+3,-160.218000E-6,-363.352000E-6,834500
3.273000E+3,-228.883000E-6,-356.676000E-6,835000
3.272000E+3,-251.772000E-6,-348.093000E-6,835500
3.272000E+3,-160.218000E-6,-353.815000E-6,836000
3.272000E+3,-61.035600E-6,-281.336000E-6,836500
3.271000E+3,-91.553200E-6,-224.114000E-6,837000
3.271000E+3,-114.441000E-6,-295.641000E-6,837500
3.271000E+3,-30.517800E-6,-314.714000E-6,838000
3.270000E+3,-53.406000E-6,-364.305000E-6,838500
3.270000E+3,-167.848000E-6,-369.074000E-6,839000
3.270000E+3,-213.624000E-6,-373.842000E-6,839500
3.269000E+3,-99.182600E-6,-322.344000E-6,840000
3.269000E+3,-83.923800E-6,-354.769000E-6,840500
3.269000E+3,-122.071000E-6,-478.746000E-6,841000
3.268000E+3,-190.736000E-6,-565.533000E-6,841500
3.268000E+3,-282.289000E-6,-535.015000E-6,842000
3.268000E+3,-213.624000E-6,-464.441000E-6,842500
3.267000E+3,-45.776600E-6,-410.082000E-6,843000
3.267000E+3,61.035600E-6,-572.208000E-6,843500
3.267000E+3,137.330000E-6,-617.985000E-6,844000
3.266000E+3,129.701000E-6,-572.208000E-6,844500
3.266000E+3,144.959000E-6,-594.143000E-6,845000
3.266000E+3,167.848000E-6,-616.077000E-6,845500
3.265000E+3,53.406000E-6,-550.274000E-6,846000
3.265000E+3,0.000000E+0,-467.302000E-6,846500
3.265000E+3,-7.629450E-6,-446.321000E-6,847000
3.264000E+3,22.888300E-6,-368.120000E-6,847500
3.264000E+3,45.776600E-6,-354.769000E-6,848000
3.264000E+3,61.035600E-6,-403.406000E-6,848500
3.263000E+3,-53.406000E-6,-333.788000E-6,849000
3.263000E+3,-213.624000E-6,-381.472000E-6,849500
3.263000E+3,-267.031000E-6,-390.055000E-6,850000
3.262000E+3,-144.959000E-6,-367.166000E-6,850500
3.262000E+3,-167.848000E-6,-376.703000E-6,851000
3.262000E+3,-205.995000E-6,-305.178000E-6,851500
3.261000E+3,-53.406000E-6,-279.428000E-6,852000
3.261000E+3,45.776600E-6,-286.104000E-6,852500
3.261000E+3,7.629450E-6,-394.823000E-6,853000
3.261000E+3,-15.258900E-6,-418.665000E-6,853500
3.260000E+3,-122.071000E-6,-327.112000E-6,854000
3.260000E+3,-160.218000E-6,-368.120000E-6,854500
3.260000E+3,-83.923800E-6,-412.943000E-6,855000
3.259000E+3,83.923800E-6,-377.657000E-6,855500
3.259000E+3,190.736000E-6,-424.387000E-6,856000
3.259000E+3,114.441000E-6,-449.182000E-6,856500
3.258000E+3,-7.629450E-6,-438.692000E-6,857000
3.258000E+3,-7.629450E-6,-505.451000E-6,857500
3.258000E+3,15.258900E-6,-568.394000E-6,858000
3.257000E+3,114.441000E-6,-585.560000E-6,858500
3.257000E+3,160.218000E-6,-553.135000E-6,859000
3.257000E+3,152.589000E-6,-494.007000E-6,859500
3.256000E+3,53.406000E-6,-450.136000E-6,860000
3.256000E+3,-15.258900E-6,-379.564000E-6,860500
3.256000E+3,30.517800E-6,-435.831000E-6,861000
3.255000E+3,0.000000E+0,-378.611000E-6,861500
3.255000E+3,-106.812000E-6,-369.074000E-6,862000
3.255000E+3,-30.517800E-6,-365.259000E-6,862500
3.254000E+3,61.035600E-6,-322.344000E-6,863000
3.254000E+3,-53.406000E-6,-230.790000E-6,863500
3.254000E+3,-152.589000E-6,-222.207000E-6,864000
3.253000E+3,-22.888300E-6,-268.938000E-6,864500
3.253000E+3,7.629450E-6,-336.649000E-6,865000
3.253000E+3,-15.258900E-6,-355.722000E-6,865500
3.253000E+3,-7.629450E-6,-285.150000E-6,866000
3.252000E+3,22.888300E-6,-248.911000E-6,866500
3.252000E+3,15.258900E-6,-237.466000E-6,867000
3.252000E+3,99.182600E-6,-244.142000E-6,867500
3.251000E+3,99.182600E-6,-281.336000E-6,868000
3.251000E+3,68.665000E-6,-324.251000E-6,868500
3.251000E+3,-7.629450E-6,-295.641000E-6,869000
3.250000E+3,-106.812000E-6,-315.668000E-6,869500
3.250000E+3,-129.701000E-6,-279.428000E-6,870000
3.250000E+3,-91.553200E-6,-241.281000E-6,870500
3.249000E+3,-76.294400E-6,-308.039000E-6,871000
3.249000E+3,-83.923800E-6,-308.992000E-6,871500
3.249000E+3,-61.035600E-6,-324.251000E-6,872000
3.248000E+3,-22.888300E-6,-388.147000E-6,872500
3.248000E+3,-15.258900E-6,-421.526000E-6,873000
3.248000E+3,-76.294400E-6,-377.657000E-6,873500
3.247000E+3,30.517800E-6,-279.428000E-6,874000
3.247000E+3,106.812000E-6,-226.022000E-6,874500
3.247000E+3,76.294400E-6,-169.755000E-6,875000
3.246000E+3,-53.406000E-6,-162.126000E-6,875500
3.246000E+3,-91.553200E-6,-154.496000E-6,876000
3.246000E+3,-15.258900E-6,-222.207000E-6,876500
3.245000E+3,-7.629450E-6,-341.417000E-6,877000
3.245000E+3,53.406000E-6,-351.908000E-6,877500
3.245000E+3,-61.035600E-6,-339.510000E-6,878000
3.244000E+3,-160.218000E-6,-332.834000E-6,878500
3.244000E+3,-38.147200E-6,-355.722000E-6,879000
3.244000E+3,-53.406000E-6,-443.460000E-6,879500
3.243000E+3,-129.701000E-6,-434.877000E-6,880000
3.243000E+3,-7.629450E-6,-331.881000E-6,880500
3.243000E+3,152.589000E-6,-288.012000E-6,881000
3.242000E+3,190.736000E-6,-371.935000E-6,881500
3.242000E+3,190.736000E-6,-512.127000E-6,882000
3.242000E+3,30.517800E-6,-499.729000E-6,882500
3.241000E+3,-45.776600E-6,-412.943000E-6,883000
3.241000E+3,22.888300E-6,-324.251000E-6,883500
3.241000E+3,7.629450E-6,-308.039000E-6,884000
3.240000E+3,-45.776600E-6,-388.147000E-6,884500
3.240000E+3,-45.776600E-6,-471.117000E-6,885000
3.240000E+3,-53.406000E-6,-574.116000E-6,885500
3.239000E+3,-175.477000E-6,-563.625000E-6,886000
3.239000E+3,-198.365000E-6,-480.654000E-6,886500
3.239000E+3,-205.995000E-6,-408.174000E-6,887000
3.238000E+3,-83.923800E-6,-475.885000E-6,887500
3.238000E+3,45.776600E-6,-498.775000E-6,888000
3.238000E+3,160.218000E-6,-548.366000E-6,888500
3.237000E+3,83.923800E-6,-576.977000E-6,889000
3.237000E+3,22.888300E-6,-501.636000E-6,889500
3.237000E+3,76.294400E-6,-335.695000E-6,890000
3.236000E+3,30.517800E-6,-276.567000E-6,890500
3.236000E+3,-61.035600E-6,-321.390000E-6,891000
3.236000E+3,-137.330000E-6,-374.796000E-6,891500
3.235000E+3,-122.071000E-6,-398.638000E-6,892000
3.235000E+3,-160.218000E-6,-405.313000E-6,892500
3.235000E+3,-76.294400E-6,-413.897000E-6,893000
3.234000E+3,61.035600E-6,-394.823000E-6,893500
3.234000E+3,22.888300E-6,-339.510000E-6,894000
3.234000E+3,-175.477000E-6,-259.401000E-6,894500
3.233000E+3,-305.178000E-6,-260.355000E-6,895000
3.233000E+3,-183.106000E-6,-277.521000E-6,895500
3.233000E+3,38.147200E-6,-188.828000E-6,896000
3.232000E+3,114.441000E-6,-247.004000E-6,896500
3.232000E+3,61.035600E-6,-334.742000E-6,897000
3.232000E+3,30.517800E-6,-399.591000E-6,897500
3.231000E+3,106.812000E-6,-424.387000E-6,898000
3.231000E+3,198.365000E-6,-443.460000E-6,898500
3.231000E+3,190.736000E-6,-401.499000E-6,899000
3.230000E+3,205.995000E-6,-392.916000E-6,899500
3.230000E+3,114.441000E-6,-582.699000E-6,900000
3.230000E+3,45.776600E-6,-596.050000E-6,900500
3.229000E+3,45.776600E-6,-490.192000E-6,901000
3.229000E+3,22.888300E-6,-421.526000E-6,901500
3.229000E+3,-22.888300E-6,-469.210000E-6,902000
3.228000E+3,-76.294400E-6,-378.611000E-6,902500
3.228000E+3,-76.294400E-6,-238.420000E-6,903000
3.228000E+3,-15.258900E-6,-290.873000E-6,903500
3.227000E+3,-38.147200E-6,-353.815000E-6,904000
3.227000E+3,45.776600E-6,-292.780000E-6,904500
3.227000E+3,99.182600E-6,-274.660000E-6,905000
3.227000E+3,99.182600E-6,-399.591000E-6,905500
3.226000E+3,53.406000E-6,-378.611000E-6,906000
